State-County FIPS Code,Select State,Select County,Total-FIPS-Code,Primary RUCA Code 2010,"Secondary RUCA Code, 2010 (see errata)","Tract Population, 2010","Land Area (square miles), 2010","Population Density (per square mile), 2010",Urban-or-Rural-USDA-Classification
55001,WI,Adams County,55001950201,10,10.0,"1,379",42.5,32.4,Rural
55001,WI,Adams County,55001950202,10,10.0,"2,674",180.6,14.8,Rural
55001,WI,Adams County,55001950400,10,10.0,"4,767",91.0,52.4,Rural
55001,WI,Adams County,55001950501,10,10.0,"1,469",44.1,33.3,Rural
55001,WI,Adams County,55001950502,10,10.0,"4,112",96.3,42.7,Rural
55003,WI,Ashland County,55003950600,10,10.3,"1,391",200.5,6.9,Rural
55003,WI,Ashland County,55003950700,10,10.0,"2,206",404.3,5.5,Rural
55005,WI,Barron County,55005000200,10,10.0,"3,933",70.5,55.8,Rural
55005,WI,Barron County,55005000300,10,10.0,"4,215",98.3,42.9,Rural
55005,WI,Barron County,55005000900,10,10.0,"5,123",217.4,23.6,Rural
55007,WI,Bayfield County,55007960100,10,10.0,"2,713",176.1,15.4,Rural
55007,WI,Bayfield County,55007960200,10,10.0,"1,679",323.5,5.2,Rural
55007,WI,Bayfield County,55007960600,10,10.0,"2,035",339.0,6,Rural
55011,WI,Buffalo County,55011960100,10,10.0,"2,726",231.6,11.8,Rural
55011,WI,Buffalo County,55011960200,10,10.1,"2,900",11.4,254,Rural
55011,WI,Buffalo County,55011960300,10,10.0,"2,163",129.3,16.7,Rural
55013,WI,Burnett County,55013970400,10,10.0,"3,780",244.4,15.5,Rural
55013,WI,Burnett County,55013970600,10,10.0,"1,913",152.0,12.6,Rural
55013,WI,Burnett County,55013970700,10,10.0,"2,489",108.1,23,Rural
55013,WI,Burnett County,55013970800,10,10.0,"2,329",80.4,29,Rural
55013,WI,Burnett County,55013970900,10,10.0,"3,019",113.8,26.5,Rural
55013,WI,Burnett County,55013971000,10,10.0,"1,927",123.2,15.6,Rural
55019,WI,Clark County,55019950200,10,10.0,"4,520",121.0,37.4,Rural
55019,WI,Clark County,55019950300,10,10.0,"4,350",112.7,38.6,Rural
55019,WI,Clark County,55019950400,10,10.0,"3,988",217.8,18.3,Rural
55019,WI,Clark County,55019950500,10,10.0,"5,277",158.9,33.2,Rural
55019,WI,Clark County,55019950600,10,10.0,"4,797",211.8,22.7,Rural
55019,WI,Clark County,55019950700,10,10.0,"3,635",40.2,90.4,Rural
55019,WI,Clark County,55019950800,10,10.0,"3,173",306.8,10.3,Rural
55021,WI,Columbia County,55021970100,10,10.0,"4,153",142.3,29.2,Rural
55023,WI,Crawford County,55023960100,10,10.0,"2,802",137.8,20.3,Rural
55023,WI,Crawford County,55023960200,10,10.0,"2,291",135.8,16.9,Rural
55023,WI,Crawford County,55023960400,10,10.3,"3,233",85.5,37.8,Rural
55025,WI,Dane County,55025991702,10,10.0,0,0.0,,Rural
55027,WI,Dodge County,55027960100,10,10.0,"6,008",57.6,104.2,Rural
55027,WI,Dodge County,55027960200,10,10.0,"3,171",122.8,25.8,Rural
55027,WI,Dodge County,55027960500,10,10.0,"3,885",34.1,113.9,Rural
55029,WI,Door County,55029100100,10,10.0,"2,212",75.7,29.2,Rural
55029,WI,Door County,55029100300,10,10.0,"2,384",44.3,53.8,Rural
55029,WI,Door County,55029100400,10,10.0,"2,559",67.8,37.8,Rural
55035,WI,Eau Claire County,55035000100,10,10.1,"4,817",186.1,25.9,Rural
55039,WI,Fond du Lac County,55039041700,10,10.0,"3,986",108.6,36.7,Rural
55041,WI,Forest County,55041950100,10,10.0,"1,260",503.2,2.5,Rural
55041,WI,Forest County,55041950200,10,10.0,"2,806",285.9,9.8,Rural
55041,WI,Forest County,55041950300,10,10.0,"2,608",118.2,22.1,Rural
55041,WI,Forest County,55041950400,10,10.0,"2,630",106.7,24.7,Rural
55043,WI,Grant County,55043960100,10,10.0,"3,656",140.8,26,Rural
55043,WI,Grant County,55043960300,10,10.0,"4,116",97.4,42.3,Rural
55043,WI,Grant County,55043960400,10,10.0,"3,509",199.9,17.5,Rural
55043,WI,Grant County,55043960500,10,10.0,"3,864",219.7,17.6,Rural
55043,WI,Grant County,55043960600,10,10.0,"3,784",191.5,19.8,Rural
55043,WI,Grant County,55043960800,10,10.0,"3,037",97.8,31.1,Rural
55047,WI,Green Lake County,55047100300,10,10.0,"3,039",107.2,28.4,Rural
55047,WI,Green Lake County,55047100400,10,10.0,"2,837",40.8,69.5,Rural
55047,WI,Green Lake County,55047100500,10,10.0,"3,073",83.3,36.9,Rural
55047,WI,Green Lake County,55047100600,10,10.0,"3,898",101.7,38.3,Rural
55049,WI,Iowa County,55049950300,10,10.0,"3,248",151.8,21.4,Rural
55049,WI,Iowa County,55049950600,10,10.0,"3,496",60.7,57.6,Rural
55051,WI,Iron County,55051180300,10,10.0,"1,909",335.8,5.7,Rural
55053,WI,Jackson County,55053960300,10,10.0,"4,077",222.1,18.4,Rural
55057,WI,Juneau County,55057100100,10,10.0,"2,874",263.8,10.9,Rural
55057,WI,Juneau County,55057100200,10,10.0,"3,669",143.2,25.6,Rural
55057,WI,Juneau County,55057100600,10,10.0,"3,383",59.3,57.1,Rural
55065,WI,Lafayette County,55065970200,10,10.0,"3,895",99.4,39.2,Rural
55065,WI,Lafayette County,55065970300,10,10.0,"3,433",141.5,24.3,Rural
55065,WI,Lafayette County,55065970500,10,10.0,"3,277",201.5,16.3,Rural
55075,WI,Marinette County,55075960200,10,10.0,"4,232",536.7,7.9,Rural
55075,WI,Marinette County,55075960600,10,10.0,"2,428",131.4,18.5,Rural
55075,WI,Marinette County,55075960700,10,10.0,"2,847",182.9,15.6,Rural
55075,WI,Marinette County,55075960800,10,10.0,"2,490",60.4,41.2,Rural
55075,WI,Marinette County,55075961000,10,10.0,"4,131",131.6,31.4,Rural
55077,WI,Marquette County,55077960100,10,10.0,"2,823",126.2,22.4,Rural
55077,WI,Marquette County,55077960200,10,10.0,"2,493",104.0,24,Rural
55077,WI,Marquette County,55077960300,10,10.0,"3,831",82.8,46.3,Rural
55077,WI,Marquette County,55077960500,10,10.0,"3,655",67.9,53.9,Rural
55078,WI,Menominee County,55078940101,10,10.0,"1,375",23.0,59.8,Rural
55078,WI,Menominee County,55078940102,10,10.0,"2,857",334.6,8.5,Rural
55079,WI,Milwaukee County,55079980000,10,10.0,0,0.7,0,Rural
55081,WI,Monroe County,55081950200,10,10.0,"4,892",263.6,18.6,Rural
55081,WI,Monroe County,55081950800,10,10.0,"4,421",159.7,27.7,Rural
55081,WI,Monroe County,55081950900,10,10.0,"5,469",150.5,36.3,Rural
55083,WI,Oconto County,55083100300,10,10.0,"2,756",233.1,11.8,Rural
55083,WI,Oconto County,55083100600,10,10.0,"2,828",110.8,25.5,Rural
55083,WI,Oconto County,55083100700,10,10.0,"2,963",64.3,46.1,Rural
55083,WI,Oconto County,55083100800,10,10.0,"2,507",81.3,30.9,Rural
55085,WI,Oneida County,55085970101,10,10.0,"1,554",52.1,29.8,Rural
55085,WI,Oneida County,55085970800,10,10.0,"2,390",31.4,76.1,Rural
55085,WI,Oneida County,55085970900,10,10.0,"2,363",72.3,32.7,Rural
55085,WI,Oneida County,55085971002,10,10.0,"2,337",131.4,17.8,Rural
55085,WI,Oneida County,55085971300,10,10.0,"1,875",10.2,184.6,Rural
55091,WI,Pepin County,55091950100,10,10.0,"4,051",92.0,44,Rural
55091,WI,Pepin County,55091950200,10,10.0,"3,418",139.9,24.4,Rural
55093,WI,Pierce County,55093960100,10,10.0,"2,843",65.9,43.1,Rural
55093,WI,Pierce County,55093960800,10,10.0,"3,698",175.8,21,Rural
55095,WI,Polk County,55095960100,10,10.0,"3,722",172.1,21.6,Rural
55095,WI,Polk County,55095960200,10,10.0,"3,796",131.2,28.9,Rural
55095,WI,Polk County,55095960300,10,10.0,"5,236",156.2,33.5,Rural
55095,WI,Polk County,55095960600,10,10.0,"2,344",29.6,79.1,Rural
55095,WI,Polk County,55095960700,10,10.0,"5,803",49.3,117.8,Rural
55095,WI,Polk County,55095961100,10,10.0,"3,907",85.4,45.7,Rural
55099,WI,Price County,55099970100,10,10.0,"2,664",423.5,6.3,Rural
55099,WI,Price County,55099970200,10,10.0,"2,740",17.0,161.6,Rural
55099,WI,Price County,55099970400,10,10.0,"1,861",195.8,9.5,Rural
55099,WI,Price County,55099970500,10,10.0,"2,112",72.6,29.1,Rural
55099,WI,Price County,55099970600,10,10.0,"2,268",288.7,7.9,Rural
55099,WI,Price County,55099970700,10,10.0,"2,514",256.8,9.8,Rural
55103,WI,Richland County,55103970100,10,10.0,"2,858",145.4,19.7,Rural
55105,WI,Rock County,55105003300,10,10.0,"3,600",45.3,79.5,Rural
55107,WI,Rusk County,55107960300,10,10.0,"2,245",105.8,21.2,Rural
55109,WI,St. Croix County,55109120700,10,10.0,"4,569",144.0,31.7,Rural
55111,WI,Sauk County,55111000800,10,10.0,"3,873",91.2,42.5,Rural
55111,WI,Sauk County,55111001100,10,10.0,"4,134",184.6,22.4,Rural
55113,WI,Sawyer County,55113100400,10,10.0,"2,205",132.9,16.6,Rural
55113,WI,Sawyer County,55113100500,10,10.0,"3,394",319.9,10.6,Rural
55113,WI,Sawyer County,55113100700,10,10.0,"1,654",185.8,8.9,Rural
55113,WI,Sawyer County,55113100800,10,10.0,"1,658",457.9,3.6,Rural
55113,WI,Sawyer County,55113940000,10,10.0,"3,062",131.0,23.4,Rural
55115,WI,Shawano County,55115100600,10,10.0,"4,240",157.2,27,Rural
55115,WI,Shawano County,55115100700,10,10.0,"3,423",143.2,23.9,Rural
55115,WI,Shawano County,55115100800,10,10.1,"4,860",146.2,33.2,Rural
55115,WI,Shawano County,55115101000,10,10.0,"3,801",70.4,54,Rural
55119,WI,Taylor County,55119960100,10,10.3,"4,290",221.0,19.4,Rural
55119,WI,Taylor County,55119960300,10,10.0,"3,001",252.5,11.9,Rural
55121,WI,Trempealeau County,55121100300,10,10.0,"2,455",76.4,32.1,Rural
55121,WI,Trempealeau County,55121100400,10,10.0,"3,912",86.3,45.3,Rural
55121,WI,Trempealeau County,55121100500,10,10.0,"3,091",106.7,29,Rural
55123,WI,Vernon County,55123960100,10,10.0,"4,266",138.1,30.9,Rural
55123,WI,Vernon County,55123960200,10,10.0,"4,186",138.5,30.2,Rural
55123,WI,Vernon County,55123960300,10,10.0,"4,307",68.7,62.7,Rural
55125,WI,Vilas County,55125940000,10,10.0,"3,473",99.4,34.9,Rural
55125,WI,Vilas County,55125950200,10,10.0,"4,140",217.2,19.1,Rural
55125,WI,Vilas County,55125950500,10,10.0,"5,772",73.5,78.6,Rural
55125,WI,Vilas County,55125950600,10,10.0,"3,739",394.6,9.5,Rural
55125,WI,Vilas County,55125950700,10,10.0,"4,306",71.9,59.8,Rural
55129,WI,Washburn County,55129950100,10,10.0,"2,044",212.1,9.6,Rural
55129,WI,Washburn County,55129950300,10,10.0,"2,691",197.7,13.6,Rural
55135,WI,Waupaca County,55135100200,10,10.0,"2,813",164.2,17.1,Rural
55135,WI,Waupaca County,55135100300,10,10.0,"3,847",76.0,50.6,Rural
55135,WI,Waupaca County,55135100400,10,10.0,"4,413",105.2,41.9,Rural
55135,WI,Waupaca County,55135100700,10,10.0,"3,359",47.2,71.1,Rural
55137,WI,Waushara County,55137960300,10,10.0,"3,249",107.5,30.2,Rural
55137,WI,Waushara County,55137960400,10,10.0,"3,456",135.6,25.5,Rural
55005,WI,Barron County,55005001001,9,9.0,"1,874",77.9,24.1,Rural
55023,WI,Crawford County,55023960300,9,9.0,"2,486",202.3,12.3,Rural
55029,WI,Door County,55029101000,9,9.0,"2,184",54.3,40.2,Rural
55049,WI,Iowa County,55049950200,9,9.0,"3,147",163.9,19.2,Rural
55057,WI,Juneau County,55057100300,9,9.0,"3,246",65.1,49.9,Rural
55057,WI,Juneau County,55057100700,9,9.0,"4,037",149.5,27,Rural
55085,WI,Oneida County,55085971001,9,9.0,"1,181",193.1,6.1,Rural
55095,WI,Polk County,55095960500,9,9.0,"2,951",85.7,34.4,Rural
55103,WI,Richland County,55103970500,9,9.0,"4,240",155.0,27.4,Rural
55107,WI,Rusk County,55107960200,9,9.0,"2,028",258.8,7.8,Rural
55111,WI,Sauk County,55111000200,9,9.0,"4,901",103.9,47.1,Rural
55135,WI,Waupaca County,55135100100,9,9.0,"3,857",82.2,46.9,Rural
55137,WI,Waushara County,55137960600,9,9.0,"2,049",31.4,65.3,Rural
55137,WI,Waushara County,55137960700,9,9.0,"4,459",75.4,59.1,Rural
55003,WI,Ashland County,55003940000,8,8.0,"1,867",216.8,8.6,Urban
55003,WI,Ashland County,55003950500,8,8.0,"2,201",131.7,16.7,Urban
55005,WI,Barron County,55005000100,8,8.0,"3,829",130.0,29.5,Urban
55005,WI,Barron County,55005000800,8,8.0,"5,435",105.2,51.7,Urban
55007,WI,Bayfield County,55007960300,8,8.0,"3,661",134.1,27.3,Urban
55007,WI,Bayfield County,55007960400,8,8.0,"4,926",505.2,9.8,Urban
55029,WI,Door County,55029100500,8,8.0,"3,287",79.5,41.4,Urban
55029,WI,Door County,55029100600,8,8.0,"3,337",95.5,35,Urban
55029,WI,Door County,55029100900,8,8.0,"1,852",39.9,46.4,Urban
55051,WI,Iron County,55051180200,8,8.0,"1,493",410.7,3.6,Urban
55053,WI,Jackson County,55053960200,8,8.0,"3,293",102.1,32.3,Urban
55053,WI,Jackson County,55053960400,8,8.0,"4,268",200.9,21.2,Urban
55057,WI,Juneau County,55057100400,8,8.0,"5,169",77.9,66.4,Urban
55061,WI,Kewaunee County,55061960200,8,8.0,"2,647",82.9,31.9,Urban
55067,WI,Langlade County,55067960100,8,8.0,"2,703",266.6,10.1,Urban
55067,WI,Langlade County,55067960300,8,8.0,"2,620",201.7,13,Urban
55067,WI,Langlade County,55067960400,8,8.0,"3,930",133.1,29.5,Urban
55067,WI,Langlade County,55067960500,8,8.0,"1,880",258.8,7.3,Urban
55069,WI,Lincoln County,55069960100,8,8.0,"2,286",100.4,22.8,Urban
55069,WI,Lincoln County,55069960300,8,8.0,"1,775",100.9,17.6,Urban
55081,WI,Monroe County,55081950100,8,8.0,"4,563",141.0,32.4,Urban
55081,WI,Monroe County,55081950700,8,8.0,"4,511",151.9,29.7,Urban
55085,WI,Oneida County,55085970102,8,8.0,"3,629",323.6,11.2,Urban
55085,WI,Oneida County,55085970400,8,8.0,"3,026",33.1,91.4,Urban
55085,WI,Oneida County,55085970500,8,8.0,"1,761",30.0,58.8,Urban
55085,WI,Oneida County,55085970601,8,8.0,"1,927",24.7,77.9,Urban
55085,WI,Oneida County,55085970602,8,8.0,"3,661",139.0,26.3,Urban
55085,WI,Oneida County,55085971100,8,8.0,"2,006",61.6,32.5,Urban
55103,WI,Richland County,55103970200,8,8.0,"4,911",261.1,18.8,Urban
55107,WI,Rusk County,55107960100,8,8.0,"3,792",374.7,10.1,Urban
55107,WI,Rusk County,55107960400,8,8.0,"2,981",167.9,17.8,Urban
55111,WI,Sauk County,55111000900,8,8.0,"4,792",136.9,35,Urban
55119,WI,Taylor County,55119960200,8,8.0,"2,331",317.5,7.3,Urban
55119,WI,Taylor County,55119960600,8,8.0,"3,425",105.9,32.3,Urban
55123,WI,Vernon County,55123960500,8,8.0,"3,507",168.1,20.9,Urban
55129,WI,Washburn County,55129950200,8,8.0,"1,767",139.1,12.7,Urban
55129,WI,Washburn County,55129950600,8,8.0,"4,309",133.5,32.3,Urban
55135,WI,Waupaca County,55135100600,8,8.0,"5,148",70.3,73.2,Urban
55003,WI,Ashland County,55003950300,7,7.0,"2,696",2.2,"1,226.20",Urban
55003,WI,Ashland County,55003950400,7,7.0,"2,410",3.3,725.7,Urban
55003,WI,Ashland County,55003950800,7,7.0,"3,386",86.2,39.3,Urban
55005,WI,Barron County,55005000400,7,7.0,"5,465",83.7,65.3,Urban
55005,WI,Barron County,55005000500,7,7.0,"4,242",7.9,533.8,Urban
55005,WI,Barron County,55005000600,7,7.0,"6,182",7.1,867.7,Urban
55005,WI,Barron County,55005001002,7,7.0,"5,572",64.7,86.1,Urban
55015,WI,Calumet County,55015020100,7,7.0,"4,634",35.8,129.5,Urban
55015,WI,Calumet County,55015020500,7,7.0,"5,106",37.4,136.6,Urban
55015,WI,Calumet County,55015020600,7,7.0,"5,053",34.5,146.5,Urban
55017,WI,Chippewa County,55017010900,7,7.0,"4,820",198.6,24.3,Urban
55017,WI,Chippewa County,55017011200,7,7.1,"6,656",113.2,58.8,Urban
55019,WI,Clark County,55019950100,7,7.0,"4,950",40.6,121.8,Urban
55021,WI,Columbia County,55021971100,7,7.1,"3,622",93.0,39,Urban
55021,WI,Columbia County,55021971200,7,7.1,"5,200",16.1,322.4,Urban
55023,WI,Crawford County,55023960500,7,7.0,"1,994",0.9,"2,222.40",Urban
55023,WI,Crawford County,55023960600,7,7.0,"3,838",8.4,459.1,Urban
55025,WI,Dane County,55025013100,7,7.1,"4,563",49.4,92.3,Urban
55027,WI,Dodge County,55027961100,7,7.0,"4,550",47.6,95.5,Urban
55027,WI,Dodge County,55027961200,7,7.0,"3,342",9.2,363.3,Urban
55027,WI,Dodge County,55027961300,7,7.0,"5,345",6.0,887.9,Urban
55029,WI,Door County,55029100700,7,7.0,"4,707",7.1,665,Urban
55029,WI,Door County,55029100800,7,7.0,"5,263",18.0,293,Urban
55039,WI,Fond du Lac County,55039041500,7,7.0,"3,096",20.6,150.5,Urban
55039,WI,Fond du Lac County,55039041600,7,7.0,"6,037",15.2,397.1,Urban
55043,WI,Grant County,55043960200,7,7.0,"4,376",37.5,116.6,Urban
55043,WI,Grant County,55043960700,7,7.0,"4,075",8.6,474.2,Urban
55045,WI,Green County,55045960800,7,7.0,"4,342",25.9,167.4,Urban
55047,WI,Green Lake County,55047100100,7,7.0,"3,208",11.9,270.5,Urban
55047,WI,Green Lake County,55047100200,7,7.0,"2,996",4.6,648.9,Urban
55049,WI,Iowa County,55049950400,7,7.0,"5,288",26.0,203.3,Urban
55051,WI,Iron County,55051180100,7,7.0,"2,514",11.7,214.4,Urban
55053,WI,Jackson County,55053960100,7,7.0,"3,987",451.5,8.8,Urban
55053,WI,Jackson County,55053960500,7,7.0,"4,824",11.1,433.1,Urban
55055,WI,Jefferson County,55055100400,7,7.0,"5,816",80.7,72.1,Urban
55055,WI,Jefferson County,55055100500,7,7.0,"6,350",9.2,687.9,Urban
55057,WI,Juneau County,55057100500,7,7.0,"4,286",8.1,528.6,Urban
55061,WI,Kewaunee County,55061960100,7,7.0,"3,162",3.1,"1,026.00",Urban
55061,WI,Kewaunee County,55061960500,7,7.0,"6,176",106.2,58.1,Urban
55067,WI,Langlade County,55067960600,7,7.0,"4,718",4.6,"1,035.50",Urban
55067,WI,Langlade County,55067960700,7,7.0,"4,126",5.8,710.3,Urban
55069,WI,Lincoln County,55069960200,7,7.0,"2,623",6.1,428.4,Urban
55069,WI,Lincoln County,55069960500,7,7.0,"1,832",93.7,19.5,Urban
55071,WI,Manitowoc County,55071010700,7,7.0,"3,865",8.6,447.6,Urban
55073,WI,Marathon County,55073002200,7,7.0,"3,490",104.6,33.4,Urban
55081,WI,Monroe County,55081950300,7,7.0,"6,117",11.7,524.2,Urban
55081,WI,Monroe County,55081950400,7,7.0,"4,610",5.2,879.2,Urban
55081,WI,Monroe County,55081950500,7,7.0,"5,769",10.8,533.1,Urban
55081,WI,Monroe County,55081950600,7,7.0,"4,321",6.3,684.4,Urban
55083,WI,Oconto County,55083100900,7,7.0,"2,924",47.4,61.7,Urban
55083,WI,Oconto County,55083101000,7,7.0,"3,939",46.4,84.9,Urban
55083,WI,Oconto County,55083101200,7,7.0,"4,152",34.7,119.7,Urban
55085,WI,Oneida County,55085971400,7,7.0,"3,668",3.7,997,Urban
55085,WI,Oneida County,55085971500,7,7.0,"4,620",6.8,683.9,Urban
55093,WI,Pierce County,55093960700,7,7.0,"4,874",45.1,108.1,Urban
55095,WI,Polk County,55095960800,7,7.0,"6,465",68.3,94.7,Urban
55095,WI,Polk County,55095961000,7,7.0,"4,766",37.4,127.4,Urban
55101,WI,Racine County,55101001801,7,7.0,"5,198",5.8,892.9,Urban
55101,WI,Racine County,55101002100,7,7.0,"3,324",34.3,96.8,Urban
55101,WI,Racine County,55101980000,7,7.0,727,0.9,777,Urban
55103,WI,Richland County,55103970300,7,7.0,"2,428",6.1,400.1,Urban
55103,WI,Richland County,55103970400,7,7.0,"3,584",18.7,192.1,Urban
55107,WI,Rusk County,55107960500,7,7.0,"3,709",6.4,580.4,Urban
55109,WI,St. Croix County,55109120501,7,7.1,"5,445",22.9,237.7,Urban
55109,WI,St. Croix County,55109120502,7,7.1,"5,201",14.0,372.4,Urban
55109,WI,St. Croix County,55109120800,7,7.0,"8,341",107.7,77.5,Urban
55111,WI,Sauk County,55111000100,7,7.0,"6,616",72.6,91.2,Urban
55111,WI,Sauk County,55111000600,7,7.1,"6,578",83.3,78.9,Urban
55111,WI,Sauk County,55111000700,7,7.1,"2,725",7.1,383.4,Urban
55111,WI,Sauk County,55111001001,7,7.0,"6,742",8.0,847.3,Urban
55111,WI,Sauk County,55111001002,7,7.0,"2,881",6.3,459.6,Urban
55113,WI,Sawyer County,55113100300,7,7.0,"4,584",29.8,153.7,Urban
55117,WI,Sheboygan County,55117010501,7,7.1,"7,914",17.3,458.5,Urban
55117,WI,Sheboygan County,55117010502,7,7.1,"3,478",15.5,223.9,Urban
55119,WI,Taylor County,55119960400,7,7.0,"4,853",74.4,65.2,Urban
55119,WI,Taylor County,55119960500,7,7.0,"2,789",3.6,776.3,Urban
55121,WI,Trempealeau County,55121100600,7,7.0,"4,072",75.0,54.3,Urban
55123,WI,Vernon County,55123960400,7,7.0,"4,876",18.4,264.4,Urban
55127,WI,Walworth County,55127001604,7,7.0,"5,056",10.4,488.4,Urban
55129,WI,Washburn County,55129950500,7,7.0,"5,100",114.6,44.5,Urban
55135,WI,Waupaca County,55135100500,7,7.0,"3,020",31.6,95.6,Urban
55135,WI,Waupaca County,55135100900,7,7.0,"6,103",8.3,735.2,Urban
55135,WI,Waupaca County,55135101000,7,7.0,"6,242",8.9,700.3,Urban
55135,WI,Waupaca County,55135101100,7,7.0,"4,988",11.3,442.8,Urban
55137,WI,Waushara County,55137960800,7,7.0,"4,515",66.5,67.9,Urban
55001,WI,Adams County,55001950700,6,6.0,"3,501",100.9,34.7,Urban
55027,WI,Dodge County,55027960600,6,6.0,"3,988",66.7,59.8,Urban
55033,WI,Dunn County,55033970100,6,6.0,"3,879",248.2,15.6,Urban
55045,WI,Green County,55045960300,6,6.0,"4,828",122.7,39.4,Urban
55055,WI,Jefferson County,55055101701,6,6.0,"1,385",30.3,45.6,Urban
55071,WI,Manitowoc County,55071010300,6,6.0,"4,493",106.9,42,Urban
55115,WI,Shawano County,55115100900,6,6.0,"3,820",106.0,36,Urban
55127,WI,Walworth County,55127000301,6,6.0,"3,140",65.9,47.6,Urban
55127,WI,Walworth County,55127000302,6,6.0,"6,225",60.4,103,Urban
55127,WI,Walworth County,55127001000,6,6.0,"5,241",54.4,96.4,Urban
55001,WI,Adams County,55001950100,5,5.0,"2,973",90.3,32.9,Urban
55011,WI,Buffalo County,55011960400,5,5.0,"2,518",127.3,19.8,Urban
55011,WI,Buffalo County,55011960500,5,5.0,"3,280",172.1,19.1,Urban
55021,WI,Columbia County,55021970600,5,5.0,"4,632",103.8,44.6,Urban
55027,WI,Dodge County,55027960400,5,5.0,"4,351",80.8,53.9,Urban
55027,WI,Dodge County,55027961700,5,5.0,"3,058",80.7,37.9,Urban
55033,WI,Dunn County,55033970200,5,5.0,"4,737",124.3,38.1,Urban
55033,WI,Dunn County,55033970300,5,5.0,"5,625",84.5,66.6,Urban
55033,WI,Dunn County,55033970600,5,5.0,"4,128",178.1,23.2,Urban
55037,WI,Florence County,55037190100,5,5.0,"2,603",205.8,12.6,Urban
55037,WI,Florence County,55037190200,5,5.0,"1,820",282.3,6.4,Urban
55045,WI,Green County,55045960700,5,5.0,"3,997",164.7,24.3,Urban
55055,WI,Jefferson County,55055101201,5,5.0,"2,190",38.6,56.8,Urban
55055,WI,Jefferson County,55055101202,5,5.0,"1,612",16.5,98,Urban
55069,WI,Lincoln County,55069960400,5,5.0,"1,929",304.7,6.3,Urban
55069,WI,Lincoln County,55069960600,5,5.0,"4,446",151.3,29.4,Urban
55069,WI,Lincoln County,55069960700,5,5.0,"3,907",110.6,35.3,Urban
55071,WI,Manitowoc County,55071010100,5,5.0,"4,507",69.8,64.6,Urban
55071,WI,Manitowoc County,55071010200,5,5.0,"5,891",110.9,53.1,Urban
55071,WI,Manitowoc County,55071010400,5,5.0,"6,182",107.6,57.5,Urban
55071,WI,Manitowoc County,55071010500,5,5.0,"3,636",52.7,69,Urban
55073,WI,Marathon County,55073002000,5,5.0,"3,839",68.2,56.3,Urban
55073,WI,Marathon County,55073002100,5,5.0,"7,190",104.3,68.9,Urban
55075,WI,Marinette County,55075960900,5,5.0,"2,758",114.6,24.1,Urban
55075,WI,Marinette County,55075961100,5,5.0,"5,461",60.7,89.9,Urban
55075,WI,Marinette County,55075961200,5,5.0,"2,822",47.9,59,Urban
55077,WI,Marquette County,55077960400,5,5.0,"2,602",74.8,34.8,Urban
55093,WI,Pierce County,55093960600,5,5.0,"4,857",102.0,47.6,Urban
55097,WI,Portage County,55097960100,5,5.0,"4,495",145.0,31,Urban
55097,WI,Portage County,55097960200,5,5.0,"4,540",167.3,27.1,Urban
55097,WI,Portage County,55097960600,5,5.0,"5,249",86.5,60.6,Urban
55097,WI,Portage County,55097961300,5,5.0,"5,031",174.4,28.8,Urban
55115,WI,Shawano County,55115100200,5,5.0,"1,796",13.6,132.3,Urban
55115,WI,Shawano County,55115100300,5,5.0,"3,672",44.0,83.4,Urban
55141,WI,Wood County,55141010100,5,5.0,"4,710",139.2,33.8,Urban
55141,WI,Wood County,55141010700,5,5.0,"5,076",107.4,47.3,Urban
55141,WI,Wood County,55141010800,5,5.0,"2,888",211.9,13.6,Urban
55141,WI,Wood County,55141010900,5,5.0,"4,088",157.4,26,Urban
55141,WI,Wood County,55141011600,5,5.0,"5,148",49.7,103.5,Urban
55021,WI,Columbia County,55021970300,4,4.0,"4,008",73.6,54.5,Urban
55021,WI,Columbia County,55021970400,4,4.0,"6,557",13.2,496.3,Urban
55021,WI,Columbia County,55021970500,4,4.0,"4,316",5.6,765.9,Urban
55027,WI,Dodge County,55027960300,4,4.0,"8,003",5.2,"1,533.90",Urban
55027,WI,Dodge County,55027960700,4,4.0,"4,606",2.4,"1,887.60",Urban
55027,WI,Dodge County,55027960800,4,4.0,"3,537",1.0,"3,541.00",Urban
55027,WI,Dodge County,55027960900,4,4.0,"4,167",1.6,"2,650.10",Urban
55027,WI,Dodge County,55027961000,4,4.0,"4,473",1.1,"3,956.20",Urban
55027,WI,Dodge County,55027961900,4,4.0,"5,784",3.6,"1,598.40",Urban
55027,WI,Dodge County,55027962000,4,4.0,"2,427",0.5,"4,857.30",Urban
55033,WI,Dunn County,55033970500,4,4.0,"6,373",15.4,413.8,Urban
55033,WI,Dunn County,55033970700,4,4.0,"6,833",14.6,468.4,Urban
55033,WI,Dunn County,55033970800,4,4.0,"6,188",4.1,"1,508.90",Urban
55039,WI,Fond du Lac County,55039041800,4,4.0,"4,851",36.0,134.6,Urban
55043,WI,Grant County,55043960900,4,4.0,"4,245",11.6,364.4,Urban
55043,WI,Grant County,55043961000,4,4.0,"7,749",6.8,"1,132.10",Urban
55045,WI,Green County,55045960400,4,4.0,"4,380",6.3,697,Urban
55045,WI,Green County,55045960500,4,4.0,"3,950",5.3,749.7,Urban
55045,WI,Green County,55045960600,4,4.0,"3,282",4.4,749.8,Urban
55055,WI,Jefferson County,55055100100,4,4.0,"5,794",6.7,867,Urban
55055,WI,Jefferson County,55055100200,4,4.0,"3,660",0.6,"6,271.60",Urban
55055,WI,Jefferson County,55055100300,4,4.0,"6,312",5.3,"1,192.60",Urban
55055,WI,Jefferson County,55055101000,4,4.0,"3,881",5.9,659,Urban
55055,WI,Jefferson County,55055101100,4,4.0,"4,477",4.8,929.8,Urban
55055,WI,Jefferson County,55055101300,4,4.0,"5,795",6.8,851.2,Urban
55055,WI,Jefferson County,55055101400,4,4.0,"3,453",2.5,"1,394.20",Urban
55055,WI,Jefferson County,55055101500,4,4.0,"3,959",2.9,"1,382.30",Urban
55055,WI,Jefferson County,55055101600,4,4.0,"6,925",60.8,113.9,Urban
55069,WI,Lincoln County,55069960800,4,4.0,"3,439",5.1,672.4,Urban
55069,WI,Lincoln County,55069960900,4,4.0,"2,898",1.0,"2,846.70",Urban
55069,WI,Lincoln County,55069961000,4,4.0,"3,608",5.0,720.4,Urban
55071,WI,Manitowoc County,55071000100,4,4.0,"5,236",7.5,696.8,Urban
55071,WI,Manitowoc County,55071000200,4,4.0,"2,404",2.7,878.7,Urban
55071,WI,Manitowoc County,55071000300,4,4.0,"5,615",8.7,645,Urban
55071,WI,Manitowoc County,55071000400,4,4.0,"4,176",1.0,"4,187.50",Urban
55071,WI,Manitowoc County,55071000500,4,4.0,"2,850",0.7,"4,043.80",Urban
55071,WI,Manitowoc County,55071000600,4,4.0,"5,369",6.9,783.2,Urban
55071,WI,Manitowoc County,55071000700,4,4.0,"5,901",3.3,"1,810.40",Urban
55071,WI,Manitowoc County,55071000800,4,4.0,"4,046",1.5,"2,629.90",Urban
55071,WI,Manitowoc County,55071005100,4,4.0,"2,430",2.9,831.9,Urban
55071,WI,Manitowoc County,55071005200,4,4.0,"4,551",3.9,"1,171.60",Urban
55071,WI,Manitowoc County,55071005300,4,4.0,"2,071",0.4,"4,715.90",Urban
55071,WI,Manitowoc County,55071005400,4,4.0,"3,116",4.7,666.4,Urban
55075,WI,Marinette County,55075960100,4,4.0,"3,038",119.8,25.4,Urban
55075,WI,Marinette County,55075961300,4,4.0,"3,080",6.2,493.3,Urban
55075,WI,Marinette County,55075961400,4,4.0,"4,528",5.0,912.7,Urban
55075,WI,Marinette County,55075961500,4,4.0,"3,934",2.2,"1,780.30",Urban
55093,WI,Pierce County,55093960300,4,4.1,"5,667",2.9,"1,974.60",Urban
55093,WI,Pierce County,55093960400,4,4.1,"5,192",2.2,"2,361.90",Urban
55097,WI,Portage County,55097960300,4,4.0,"3,918",2.5,"1,582.80",Urban
55097,WI,Portage County,55097960400,4,4.0,"7,212",2.5,"2,933.20",Urban
55097,WI,Portage County,55097960500,4,4.0,"6,987",27.5,253.9,Urban
55097,WI,Portage County,55097960701,4,4.0,"5,385",9.3,581.9,Urban
55097,WI,Portage County,55097960702,4,4.0,"3,360",6.1,547.1,Urban
55097,WI,Portage County,55097960800,4,4.0,"5,312",2.4,"2,180.00",Urban
55097,WI,Portage County,55097960900,4,4.0,"3,420",0.8,"4,452.50",Urban
55097,WI,Portage County,55097961000,4,4.0,"2,753",0.6,"4,988.00",Urban
55097,WI,Portage County,55097961100,4,4.0,"6,321",36.1,175.2,Urban
55097,WI,Portage County,55097961200,4,4.0,"6,036",139.8,43.2,Urban
55101,WI,Racine County,55101002401,4,4.0,"5,727",6.4,890.9,Urban
55101,WI,Racine County,55101002402,4,4.0,"5,116",3.2,"1,603.50",Urban
55101,WI,Racine County,55101002600,4,4.0,"5,739",28.1,203.9,Urban
55101,WI,Racine County,55101002701,4,4.0,"4,048",2.0,"2,067.90",Urban
55101,WI,Racine County,55101002702,4,4.0,"5,839",21.5,272.2,Urban
55109,WI,St. Croix County,55109120901,4,4.1,"4,121",13.1,314.9,Urban
55111,WI,Sauk County,55111000300,4,4.0,"6,785",20.2,336.7,Urban
55111,WI,Sauk County,55111000401,4,4.0,"5,147",7.0,734.3,Urban
55111,WI,Sauk County,55111000402,4,4.0,"3,464",18.8,184.6,Urban
55115,WI,Shawano County,55115100400,4,4.0,"4,649",3.2,"1,461.00",Urban
55115,WI,Shawano County,55115100500,4,4.0,"4,899",5.2,951,Urban
55127,WI,Walworth County,55127000400,4,4.0,"3,855",3.2,"1,201.60",Urban
55127,WI,Walworth County,55127000501,4,4.0,"3,766",0.9,"4,210.50",Urban
55127,WI,Walworth County,55127000502,4,4.0,"3,675",3.3,"1,110.80",Urban
55127,WI,Walworth County,55127000600,4,4.0,"5,641",70.3,80.3,Urban
55127,WI,Walworth County,55127000701,4,4.0,"4,121",4.8,856.1,Urban
55127,WI,Walworth County,55127000702,4,4.0,"4,613",3.0,"1,513.50",Urban
55127,WI,Walworth County,55127000800,4,4.0,"4,574",21.2,216.1,Urban
55127,WI,Walworth County,55127000901,4,4.0,"5,977",9.6,624.9,Urban
55127,WI,Walworth County,55127000902,4,4.0,"3,430",2.3,"1,493.50",Urban
55127,WI,Walworth County,55127001501,4,4.0,"3,075",6.2,494.1,Urban
55127,WI,Walworth County,55127001502,4,4.0,"5,379",5.6,961,Urban
55127,WI,Walworth County,55127001602,4,4.0,"5,643",11.4,496.1,Urban
55127,WI,Walworth County,55127001603,4,4.0,"2,687",5.3,505.9,Urban
55141,WI,Wood County,55141010200,4,4.0,"4,967",19.8,250.8,Urban
55141,WI,Wood County,55141010300,4,4.0,"2,963",0.9,"3,434.90",Urban
55141,WI,Wood County,55141010400,4,4.0,"3,400",4.5,759.8,Urban
55141,WI,Wood County,55141010500,4,4.0,"3,311",2.4,"1,370.80",Urban
55141,WI,Wood County,55141010600,4,4.0,"4,469",2.0,"2,252.20",Urban
55141,WI,Wood County,55141011000,4,4.0,"5,695",12.1,472.5,Urban
55141,WI,Wood County,55141011100,4,4.0,"3,523",44.6,78.9,Urban
55141,WI,Wood County,55141011200,4,4.0,"3,911",9.9,396.4,Urban
55141,WI,Wood County,55141011300,4,4.0,"4,607",4.6,993,Urban
55141,WI,Wood County,55141011400,4,4.0,"5,308",4.5,"1,177.90",Urban
55141,WI,Wood County,55141011500,4,4.0,"5,945",13.0,458.8,Urban
55141,WI,Wood County,55141011700,4,4.0,"4,740",9.4,506.5,Urban
55015,WI,Calumet County,55015020200,3,3.0,"3,908",97.0,40.3,Urban
55015,WI,Calumet County,55015020400,3,3.0,"3,421",73.4,46.6,Urban
55027,WI,Dodge County,55027961400,3,3.0,"4,020",84.7,47.5,Urban
55027,WI,Dodge County,55027961800,3,3.0,"4,412",130.3,33.9,Urban
55055,WI,Jefferson County,55055100700,3,3.0,"4,630",45.8,101.1,Urban
55059,WI,Kenosha County,55059002800,3,3.0,"6,335",95.6,66.3,Urban
55065,WI,Lafayette County,55065970100,3,3.0,"3,035",115.1,26.4,Urban
55065,WI,Lafayette County,55065970400,3,3.0,"3,196",76.1,42,Urban
55083,WI,Oconto County,55083100500,3,3.0,"2,218",172.4,12.9,Urban
55087,WI,Outagamie County,55087013200,3,3.0,"3,949",131.1,30.1,Urban
55093,WI,Pierce County,55093960200,3,3.0,"5,996",121.5,49.4,Urban
55095,WI,Polk County,55095960900,3,3.0,"5,215",98.8,52.8,Urban
55105,WI,Rock County,55105002700,3,3.0,"2,571",82.7,31.1,Urban
55111,WI,Sauk County,55111000500,3,3.0,"3,338",91.0,36.7,Urban
55115,WI,Shawano County,55115100100,3,3.0,"2,797",64.6,43.3,Urban
55117,WI,Sheboygan County,55117011100,3,3.0,"4,171",72.1,57.8,Urban
55127,WI,Walworth County,55127000200,3,3.0,"6,556",105.4,62.2,Urban
55135,WI,Waupaca County,55135101200,3,3.0,"3,909",73.9,52.9,Urban
55137,WI,Waushara County,55137960100,3,3.0,"2,927",104.8,27.9,Urban
55137,WI,Waushara County,55137960200,3,3.0,"3,841",104.9,36.6,Urban
55009,WI,Brown County,55009020100,2,2.0,"5,645",64.0,88.2,Urban
55009,WI,Brown County,55009020600,2,2.0,"5,172",60.2,85.9,Urban
55009,WI,Brown County,55009021400,2,2.0,"7,038",58.4,120.6,Urban
55009,WI,Brown County,55009021500,2,2.0,"3,118",72.3,43.1,Urban
55009,WI,Brown County,55009021600,2,2.0,"5,929",34.3,172.8,Urban
55017,WI,Chippewa County,55017010400,2,2.0,"4,876",106.2,45.9,Urban
55017,WI,Chippewa County,55017010800,2,2.0,"7,061",129.3,54.6,Urban
55017,WI,Chippewa County,55017011000,2,2.0,"7,085",200.8,35.3,Urban
55017,WI,Chippewa County,55017011100,2,2.0,"4,077",196.3,20.8,Urban
55021,WI,Columbia County,55021970200,2,2.0,"5,868",72.4,81.1,Urban
55021,WI,Columbia County,55021970700,2,2.0,"4,206",40.3,104.3,Urban
55021,WI,Columbia County,55021970800,2,2.0,"5,605",47.5,118.1,Urban
55021,WI,Columbia County,55021970900,2,2.0,"4,695",50.1,93.7,Urban
55021,WI,Columbia County,55021971000,2,2.0,"3,971",107.6,36.9,Urban
55025,WI,Dane County,55025011700,2,2.0,"3,900",55.7,70,Urban
55025,WI,Dane County,55025011800,2,2.0,"5,890",70.8,83.2,Urban
55025,WI,Dane County,55025011900,2,2.0,"6,701",71.7,93.5,Urban
55025,WI,Dane County,55025012002,2,2.0,"4,804",58.5,82.1,Urban
55025,WI,Dane County,55025012100,2,2.0,"2,637",58.2,45.3,Urban
55025,WI,Dane County,55025012400,2,2.0,"4,805",56.5,85,Urban
55025,WI,Dane County,55025012501,2,2.0,"6,551",10.0,651.9,Urban
55025,WI,Dane County,55025012502,2,2.0,"5,166",11.4,455,Urban
55025,WI,Dane County,55025012600,2,2.0,"4,389",107.2,40.9,Urban
55025,WI,Dane County,55025012700,2,2.0,"3,867",89.4,43.3,Urban
55025,WI,Dane County,55025012800,2,2.0,"7,688",18.4,417.9,Urban
55025,WI,Dane County,55025012900,2,2.0,"3,746",92.7,40.4,Urban
55027,WI,Dodge County,55027961500,2,2.0,"5,220",71.8,72.7,Urban
55027,WI,Dodge County,55027961600,2,2.0,"4,412",67.8,65,Urban
55031,WI,Douglas County,55031030100,2,2.0,"6,247",280.8,22.2,Urban
55031,WI,Douglas County,55031030200,2,2.0,"5,027",200.1,25.1,Urban
55031,WI,Douglas County,55031030300,2,2.0,"5,066",776.9,6.5,Urban
55033,WI,Dunn County,55033970400,2,2.0,"6,094",180.9,33.7,Urban
55035,WI,Eau Claire County,55035000200,2,2.0,"4,806",179.7,26.7,Urban
55035,WI,Eau Claire County,55035001600,2,2.0,"5,449",126.7,43,Urban
55039,WI,Fond du Lac County,55039041400,2,2.0,"5,893",120.1,49.1,Urban
55039,WI,Fond du Lac County,55039041900,2,2.0,"7,180",144.0,49.9,Urban
55039,WI,Fond du Lac County,55039042100,2,2.0,"4,927",101.7,48.5,Urban
55039,WI,Fond du Lac County,55039042200,2,2.0,"6,115",71.6,85.4,Urban
55043,WI,Grant County,55043961100,2,2.0,"4,462",72.7,61.3,Urban
55043,WI,Grant County,55043961200,2,2.0,"4,335",62.4,69.5,Urban
55045,WI,Green County,55045960100,2,2.0,"6,379",114.4,55.8,Urban
55045,WI,Green County,55045960200,2,2.0,"5,684",140.3,40.5,Urban
55049,WI,Iowa County,55049950100,2,2.0,"3,753",185.8,20.2,Urban
55049,WI,Iowa County,55049950500,2,2.0,"4,755",174.4,27.3,Urban
55055,WI,Jefferson County,55055100601,2,2.0,"1,535",25.5,60.2,Urban
55055,WI,Jefferson County,55055100602,2,2.0,"3,299",41.8,78.9,Urban
55055,WI,Jefferson County,55055100800,2,2.0,"4,006",55.8,71.8,Urban
55055,WI,Jefferson County,55055100900,2,2.0,"3,868",77.7,49.8,Urban
55059,WI,Kenosha County,55059002700,2,2.0,"5,517",35.9,153.5,Urban
55059,WI,Kenosha County,55059002903,2,2.0,"3,210",7.8,410.3,Urban
55059,WI,Kenosha County,55059002904,2,2.0,"5,500",13.5,406.1,Urban
55059,WI,Kenosha County,55059002905,2,2.0,"3,874",3.9,982.7,Urban
55059,WI,Kenosha County,55059002906,2,2.0,"4,884",8.0,613.5,Urban
55059,WI,Kenosha County,55059003001,2,2.0,"4,312",7.3,590.3,Urban
55059,WI,Kenosha County,55059003002,2,2.0,"4,863",14.3,339.8,Urban
55061,WI,Kewaunee County,55061960400,2,2.0,"8,589",150.3,57.2,Urban
55063,WI,La Crosse County,55063010101,2,2.0,"5,566",132.0,42.2,Urban
55063,WI,La Crosse County,55063010600,2,2.0,"3,266",24.2,134.8,Urban
55063,WI,La Crosse County,55063010800,2,2.0,"3,302",112.5,29.4,Urban
55071,WI,Manitowoc County,55071010600,2,2.0,"5,103",88.3,57.8,Urban
55073,WI,Marathon County,55073001500,2,2.0,"4,134",87.8,47.1,Urban
55073,WI,Marathon County,55073001600,2,2.0,"6,057",236.7,25.6,Urban
55073,WI,Marathon County,55073001700,2,2.0,"3,696",155.8,23.7,Urban
55073,WI,Marathon County,55073001800,2,2.0,"5,449",193.6,28.2,Urban
55073,WI,Marathon County,55073001900,2,2.0,"5,933",102.4,58,Urban
55073,WI,Marathon County,55073002300,2,2.0,"7,169",244.4,29.3,Urban
55083,WI,Oconto County,55083101100,2,2.0,"4,588",97.6,47,Urban
55083,WI,Oconto County,55083101300,2,2.0,"8,785",110.0,79.9,Urban
55087,WI,Outagamie County,55087012602,2,2.0,"4,707",46.8,100.5,Urban
55087,WI,Outagamie County,55087012700,2,2.0,"6,282",52.8,119,Urban
55087,WI,Outagamie County,55087012800,2,2.0,"7,399",105.5,70.2,Urban
55087,WI,Outagamie County,55087012901,2,2.0,"5,975",35.9,166.7,Urban
55087,WI,Outagamie County,55087012902,2,2.0,"3,425",35.6,96.2,Urban
55087,WI,Outagamie County,55087013100,2,2.0,"5,814",49.9,116.4,Urban
55087,WI,Outagamie County,55087940000,2,2.0,"4,678",60.9,76.9,Urban
55089,WI,Ozaukee County,55089610101,2,2.0,"4,331",36.2,119.7,Urban
55089,WI,Ozaukee County,55089610102,2,2.0,"3,660",37.7,97.1,Urban
55089,WI,Ozaukee County,55089650300,2,2.0,"5,371",23.2,231,Urban
55093,WI,Pierce County,55093960500,2,2.0,"7,892",58.3,135.3,Urban
55101,WI,Racine County,55101001802,2,2.0,"2,788",30.2,92.2,Urban
55101,WI,Racine County,55101001900,2,2.0,"3,870",35.5,109,Urban
55105,WI,Rock County,55105002200,2,2.0,"2,307",22.7,101.5,Urban
55105,WI,Rock County,55105002800,2,2.0,"5,201",110.9,46.9,Urban
55105,WI,Rock County,55105002900,2,2.0,"8,058",71.1,113.4,Urban
55105,WI,Rock County,55105003001,2,2.0,"5,037",4.0,"1,262.60",Urban
55105,WI,Rock County,55105003002,2,2.0,"4,996",55.4,90.2,Urban
55105,WI,Rock County,55105003200,2,2.0,"2,663",99.8,26.7,Urban
55109,WI,St. Croix County,55109120100,2,2.0,"2,033",0.7,"2,868.80",Urban
55109,WI,St. Croix County,55109120201,2,2.0,"5,861",2.8,"2,124.60",Urban
55109,WI,St. Croix County,55109120202,2,2.0,"5,161",14.3,361.2,Urban
55109,WI,St. Croix County,55109120300,2,2.0,"5,794",7.4,778.3,Urban
55109,WI,St. Croix County,55109120400,2,2.0,"10,513",81.9,128.4,Urban
55109,WI,St. Croix County,55109120600,2,2.0,"7,569",141.6,53.5,Urban
55109,WI,St. Croix County,55109120903,2,2.0,"8,609",28.7,300.2,Urban
55109,WI,St. Croix County,55109120904,2,2.0,"4,036",74.7,54,Urban
55109,WI,St. Croix County,55109121000,2,2.0,"7,092",68.7,103.2,Urban
55115,WI,Shawano County,55115101100,2,2.0,"3,992",139.5,28.6,Urban
55117,WI,Sheboygan County,55117010100,2,2.0,"1,531",39.1,39.1,Urban
55117,WI,Sheboygan County,55117010300,2,2.0,"3,101",34.7,89.3,Urban
55117,WI,Sheboygan County,55117010400,2,2.0,"2,622",73.5,35.7,Urban
55117,WI,Sheboygan County,55117010900,2,2.0,"3,208",36.3,88.3,Urban
55117,WI,Sheboygan County,55117011000,2,2.0,"2,754",35.6,77.3,Urban
55117,WI,Sheboygan County,55117011200,2,2.0,"3,615",35.9,100.7,Urban
55117,WI,Sheboygan County,55117011300,2,2.0,"7,121",44.4,160.3,Urban
55121,WI,Trempealeau County,55121100100,2,2.0,"3,262",89.3,36.5,Urban
55121,WI,Trempealeau County,55121100200,2,2.0,"3,309",112.0,29.5,Urban
55121,WI,Trempealeau County,55121100700,2,2.0,"5,045",106.7,47.3,Urban
55121,WI,Trempealeau County,55121100800,2,2.0,"3,670",80.5,45.6,Urban
55123,WI,Vernon County,55123960600,2,2.0,"4,614",155.2,29.7,Urban
55123,WI,Vernon County,55123960700,2,2.0,"4,017",104.5,38.4,Urban
55127,WI,Walworth County,55127000101,2,2.0,"6,003",11.9,504.2,Urban
55127,WI,Walworth County,55127000102,2,2.0,"2,398",22.0,108.9,Urban
55127,WI,Walworth County,55127001701,2,2.0,"5,811",18.2,320,Urban
55127,WI,Walworth County,55127001702,2,2.0,"5,362",59.5,90.1,Urban
55131,WI,Washington County,55131400103,2,2.0,"4,014",36.5,110,Urban
55131,WI,Washington County,55131430100,2,2.1,"5,664",71.8,78.9,Urban
55131,WI,Washington County,55131440106,2,2.0,"3,747",35.8,104.7,Urban
55131,WI,Washington County,55131450105,2,2.1,"2,588",14.9,174.1,Urban
55133,WI,Waukesha County,55133203802,2,2.0,"6,145",23.9,257.2,Urban
55133,WI,Waukesha County,55133203803,2,2.0,"3,945",12.0,329.5,Urban
55133,WI,Waukesha County,55133203901,2,2.0,"4,532",5.2,879.8,Urban
55133,WI,Waukesha County,55133203902,2,2.0,"4,308",4.2,"1,027.10",Urban
55133,WI,Waukesha County,55133204002,2,2.0,"5,479",35.6,154,Urban
55133,WI,Waukesha County,55133204004,2,2.0,"4,379",30.0,146.2,Urban
55133,WI,Waukesha County,55133204501,2,2.0,"2,495",23.5,106.2,Urban
55135,WI,Waupaca County,55135100800,2,2.0,"4,711",68.6,68.7,Urban
55139,WI,Winnebago County,55139002000,2,2.0,"6,932",70.3,98.7,Urban
55139,WI,Winnebago County,55139002100,2,2.0,"3,572",89.6,39.9,Urban
55139,WI,Winnebago County,55139002201,2,2.1,"4,733",23.1,205.3,Urban
55139,WI,Winnebago County,55139002202,2,2.0,"2,952",64.3,45.9,Urban
55139,WI,Winnebago County,55139002300,2,2.0,"5,288",62.0,85.3,Urban
55009,WI,Brown County,55009000100,1,1.0,"2,690",2.8,950.5,Urban
55009,WI,Brown County,55009000200,1,1.0,"5,963",1.2,"5,033.30",Urban
55009,WI,Brown County,55009000302,1,1.0,"4,553",1.1,"4,220.60",Urban
55009,WI,Brown County,55009000303,1,1.0,"2,811",0.7,"3,869.40",Urban
55009,WI,Brown County,55009000401,1,1.0,"4,632",0.9,"4,933.30",Urban
55009,WI,Brown County,55009000402,1,1.0,"2,343",0.7,"3,363.30",Urban
55009,WI,Brown County,55009000500,1,1.0,"2,953",0.5,"6,557.00",Urban
55009,WI,Brown County,55009000600,1,1.0,"4,097",0.8,"4,933.40",Urban
55009,WI,Brown County,55009000700,1,1.0,"4,945",0.9,"5,238.80",Urban
55009,WI,Brown County,55009000800,1,1.0,"1,835",0.8,"2,280.50",Urban
55009,WI,Brown County,55009000900,1,1.0,"4,029",1.2,"3,393.60",Urban
55009,WI,Brown County,55009001000,1,1.0,"1,538",0.6,"2,667.30",Urban
55009,WI,Brown County,55009001100,1,1.0,"2,081",0.4,"5,283.20",Urban
55009,WI,Brown County,55009001200,1,1.0,"2,323",0.3,"8,417.20",Urban
55009,WI,Brown County,55009001300,1,1.0,"3,022",0.5,"5,675.30",Urban
55009,WI,Brown County,55009001400,1,1.0,"3,804",0.8,"4,590.80",Urban
55009,WI,Brown County,55009001600,1,1.0,"6,505",1.4,"4,610.00",Urban
55009,WI,Brown County,55009001701,1,1.0,"3,528",0.7,"4,922.50",Urban
55009,WI,Brown County,55009001702,1,1.0,"3,529",1.1,"3,198.00",Urban
55009,WI,Brown County,55009001801,1,1.0,"4,971",4.4,"1,121.40",Urban
55009,WI,Brown County,55009001802,1,1.0,"5,449",7.5,730.4,Urban
55009,WI,Brown County,55009002001,1,1.0,"8,222",2.7,"3,051.50",Urban
55009,WI,Brown County,55009002002,1,1.0,"5,157",1.4,"3,716.70",Urban
55009,WI,Brown County,55009002003,1,1.0,"3,278",5.3,622.2,Urban
55009,WI,Brown County,55009010100,1,1.0,"6,254",1.9,"3,368.70",Urban
55009,WI,Brown County,55009010201,1,1.0,"4,581",1.5,"2,956.20",Urban
55009,WI,Brown County,55009010202,1,1.0,"5,002",2.5,"2,003.40",Urban
55009,WI,Brown County,55009010300,1,1.0,"6,892",6.6,"1,040.20",Urban
55009,WI,Brown County,55009020203,1,1.0,"6,367",19.4,328,Urban
55009,WI,Brown County,55009020204,1,1.0,"4,979",17.0,293,Urban
55009,WI,Brown County,55009020502,1,1.0,"5,306",8.0,666.2,Urban
55009,WI,Brown County,55009020503,1,1.0,"7,705",3.4,"2,235.30",Urban
55009,WI,Brown County,55009020504,1,1.0,"4,388",6.8,645.5,Urban
55009,WI,Brown County,55009020702,1,1.0,"5,884",45.8,128.5,Urban
55009,WI,Brown County,55009020703,1,1.0,"6,963",6.7,"1,032.40",Urban
55009,WI,Brown County,55009020704,1,1.0,"7,710",7.5,"1,033.20",Urban
55009,WI,Brown County,55009020800,1,1.0,"2,230",1.0,"2,194.10",Urban
55009,WI,Brown County,55009020900,1,1.0,"2,771",0.8,"3,560.90",Urban
55009,WI,Brown County,55009021000,1,1.0,"2,731",1.1,"2,377.20",Urban
55009,WI,Brown County,55009021100,1,1.0,"1,092",0.1,"14,969.80",Urban
55009,WI,Brown County,55009021200,1,1.0,"5,151",1.6,"3,232.00",Urban
55009,WI,Brown County,55009021301,1,1.0,"3,305",1.0,"3,275.60",Urban
55009,WI,Brown County,55009021302,1,1.0,"6,183",2.6,"2,354.70",Urban
55009,WI,Brown County,55009021303,1,1.0,"3,955",3.9,"1,026.50",Urban
55009,WI,Brown County,55009021304,1,1.0,"2,117",1.7,"1,233.30",Urban
55009,WI,Brown County,55009940001,1,1.0,"14,585",53.5,272.7,Urban
55009,WI,Brown County,55009940002,1,1.0,"4,729",4.5,"1,062.40",Urban
55009,WI,Brown County,55009940003,1,1.0,"3,298",1.6,"2,084.40",Urban
55009,WI,Brown County,55009940004,1,1.0,"2,669",1.3,"2,052.80",Urban
55015,WI,Calumet County,55015020303,1,1.0,"3,878",0.8,"4,976.00",Urban
55015,WI,Calumet County,55015020304,1,1.0,"3,827",0.7,"5,259.20",Urban
55015,WI,Calumet County,55015020306,1,1.0,"6,453",28.8,224.3,Urban
55015,WI,Calumet County,55015020308,1,1.0,"2,997",5.1,583,Urban
55015,WI,Calumet County,55015020700,1,1.0,"4,136",1.5,"2,746.40",Urban
55015,WI,Calumet County,55015020800,1,1.0,"5,558",3.2,"1,747.80",Urban
55017,WI,Chippewa County,55017010100,1,1.0,"3,004",5.9,507.5,Urban
55017,WI,Chippewa County,55017010200,1,1.0,"6,767",13.5,501.4,Urban
55017,WI,Chippewa County,55017010300,1,1.0,"5,465",2.1,"2,662.50",Urban
55017,WI,Chippewa County,55017010500,1,1.0,"5,378",7.5,719.8,Urban
55017,WI,Chippewa County,55017010700,1,1.0,"7,226",34.9,206.9,Urban
55025,WI,Dane County,55025000100,1,1.0,"2,604",0.8,"3,239.60",Urban
55025,WI,Dane County,55025000201,1,1.0,"2,149",0.7,"2,983.70",Urban
55025,WI,Dane County,55025000202,1,1.0,"3,016",0.9,"3,258.10",Urban
55025,WI,Dane County,55025000204,1,1.0,"5,012",1.0,"4,845.30",Urban
55025,WI,Dane County,55025000205,1,1.0,"5,131",1.6,"3,244.70",Urban
55025,WI,Dane County,55025000300,1,1.0,"5,380",0.9,"5,914.00",Urban
55025,WI,Dane County,55025000401,1,1.0,"3,148",0.7,"4,489.50",Urban
55025,WI,Dane County,55025000402,1,1.0,"2,451",1.1,"2,263.70",Urban
55025,WI,Dane County,55025000405,1,1.0,"5,761",1.7,"3,457.50",Urban
55025,WI,Dane County,55025000406,1,1.0,"2,968",1.2,"2,399.60",Urban
55025,WI,Dane County,55025000407,1,1.0,"5,661",1.1,"5,323.30",Urban
55025,WI,Dane County,55025000408,1,1.0,"1,685",1.5,"1,115.50",Urban
55025,WI,Dane County,55025000501,1,1.0,"4,670",1.3,"3,609.20",Urban
55025,WI,Dane County,55025000503,1,1.0,"7,033",1.3,"5,390.50",Urban
55025,WI,Dane County,55025000504,1,1.0,"6,738",1.9,"3,512.10",Urban
55025,WI,Dane County,55025000600,1,1.0,"5,647",1.2,"4,644.60",Urban
55025,WI,Dane County,55025000700,1,1.0,"3,211",0.9,"3,618.60",Urban
55025,WI,Dane County,55025000800,1,1.0,"3,557",0.7,"4,822.10",Urban
55025,WI,Dane County,55025000901,1,1.0,"2,142",0.2,"8,599.10",Urban
55025,WI,Dane County,55025000902,1,1.0,"5,310",0.5,"10,196.50",Urban
55025,WI,Dane County,55025001000,1,1.0,"2,301",0.6,"3,792.00",Urban
55025,WI,Dane County,55025001101,1,1.0,"4,197",0.3,"16,255.00",Urban
55025,WI,Dane County,55025001102,1,1.0,"3,150",0.4,"7,621.10",Urban
55025,WI,Dane County,55025001200,1,1.0,"5,890",0.7,"8,386.60",Urban
55025,WI,Dane County,55025001300,1,1.0,"2,401",0.6,"4,206.10",Urban
55025,WI,Dane County,55025001401,1,1.0,"5,941",1.6,"3,731.00",Urban
55025,WI,Dane County,55025001402,1,1.0,"5,373",3.2,"1,700.10",Urban
55025,WI,Dane County,55025001403,1,1.0,"7,672",4.3,"1,789.80",Urban
55025,WI,Dane County,55025001501,1,1.0,"1,999",0.4,"4,755.00",Urban
55025,WI,Dane County,55025001502,1,1.0,"5,399",3.7,"1,440.60",Urban
55025,WI,Dane County,55025001603,1,1.0,"3,414",0.1,"50,310.20",Urban
55025,WI,Dane County,55025001604,1,1.0,"5,053",0.1,"47,737.20",Urban
55025,WI,Dane County,55025001605,1,1.0,"2,389",0.1,"17,503.30",Urban
55025,WI,Dane County,55025001606,1,1.0,"5,463",0.2,"33,554.00",Urban
55025,WI,Dane County,55025001704,1,1.0,"3,434",0.2,"21,070.50",Urban
55025,WI,Dane County,55025001705,1,1.0,"4,073",0.3,"15,146.30",Urban
55025,WI,Dane County,55025001802,1,1.0,"2,784",0.3,"10,139.50",Urban
55025,WI,Dane County,55025001804,1,1.0,"3,326",0.3,"10,379.10",Urban
55025,WI,Dane County,55025001900,1,1.0,"6,114",0.8,"7,374.10",Urban
55025,WI,Dane County,55025002000,1,1.0,"5,875",1.0,"5,838.10",Urban
55025,WI,Dane County,55025002100,1,1.0,"4,850",1.2,"4,041.80",Urban
55025,WI,Dane County,55025002200,1,1.0,"4,254",0.7,"5,851.50",Urban
55025,WI,Dane County,55025002301,1,1.0,"2,994",0.9,"3,338.00",Urban
55025,WI,Dane County,55025002302,1,1.0,"1,810",1.3,"1,437.90",Urban
55025,WI,Dane County,55025002401,1,1.0,"3,417",0.7,"4,763.10",Urban
55025,WI,Dane County,55025002402,1,1.0,"3,407",0.9,"3,971.40",Urban
55025,WI,Dane County,55025002500,1,1.0,"1,735",4.3,404.8,Urban
55025,WI,Dane County,55025002601,1,1.0,"1,809",0.6,"3,037.50",Urban
55025,WI,Dane County,55025002602,1,1.0,"5,576",2.3,"2,406.90",Urban
55025,WI,Dane County,55025002603,1,1.0,"5,249",2.4,"2,143.00",Urban
55025,WI,Dane County,55025002700,1,1.0,"3,166",1.2,"2,617.30",Urban
55025,WI,Dane County,55025002800,1,1.0,"2,233",0.7,"3,216.70",Urban
55025,WI,Dane County,55025002900,1,1.0,"3,175",1.3,"2,449.70",Urban
55025,WI,Dane County,55025003001,1,1.0,"5,134",1.5,"3,526.40",Urban
55025,WI,Dane County,55025003002,1,1.0,"3,732",0.7,"5,067.50",Urban
55025,WI,Dane County,55025003100,1,1.0,"6,422",3.9,"1,630.90",Urban
55025,WI,Dane County,55025003200,1,1.0,"2,778",0.9,"3,020.00",Urban
55025,WI,Dane County,55025010100,1,1.0,"1,538",0.7,"2,093.30",Urban
55025,WI,Dane County,55025010200,1,1.0,"1,268",0.7,"1,816.20",Urban
55025,WI,Dane County,55025010300,1,1.0,"3,404",0.9,"3,920.20",Urban
55025,WI,Dane County,55025010400,1,1.0,"3,299",0.8,"4,086.30",Urban
55025,WI,Dane County,55025010501,1,1.0,"2,817",3.5,814.5,Urban
55025,WI,Dane County,55025010502,1,1.0,"7,766",7.1,"1,089.40",Urban
55025,WI,Dane County,55025010600,1,1.0,"5,141",26.7,192.5,Urban
55025,WI,Dane County,55025010701,1,1.0,"5,952",3.9,"1,508.70",Urban
55025,WI,Dane County,55025010702,1,1.0,"6,290",23.4,268.8,Urban
55025,WI,Dane County,55025010800,1,1.0,"10,625",6.5,"1,622.60",Urban
55025,WI,Dane County,55025010901,1,1.0,"5,652",6.4,884,Urban
55025,WI,Dane County,55025010903,1,1.0,"2,541",3.7,678.4,Urban
55025,WI,Dane County,55025010904,1,1.0,"8,075",44.3,182.2,Urban
55025,WI,Dane County,55025011000,1,1.0,"4,172",1.1,"3,964.80",Urban
55025,WI,Dane County,55025011101,1,1.0,"4,573",1.2,"3,851.10",Urban
55025,WI,Dane County,55025011102,1,1.0,"8,031",7.8,"1,025.50",Urban
55025,WI,Dane County,55025011200,1,1.0,"8,440",39.7,212.4,Urban
55025,WI,Dane County,55025011301,1,1.0,"6,317",8.0,790.6,Urban
55025,WI,Dane County,55025011302,1,1.0,"3,015",2.6,"1,166.20",Urban
55025,WI,Dane County,55025011401,1,1.0,"6,647",8.6,773.8,Urban
55025,WI,Dane County,55025011402,1,1.0,"9,048",16.6,546,Urban
55025,WI,Dane County,55025011503,1,1.0,"8,527",5.7,"1,508.20",Urban
55025,WI,Dane County,55025011504,1,1.0,"3,770",2.0,"1,904.60",Urban
55025,WI,Dane County,55025011505,1,1.0,"4,264",1.0,"4,376.90",Urban
55025,WI,Dane County,55025011506,1,1.0,"4,785",2.2,"2,212.10",Urban
55025,WI,Dane County,55025011600,1,1.0,"6,257",9.1,690.1,Urban
55025,WI,Dane County,55025012001,1,1.0,"8,321",9.0,926.4,Urban
55025,WI,Dane County,55025012201,1,1.0,"2,001",3.9,511.5,Urban
55025,WI,Dane County,55025012202,1,1.0,"6,774",2.0,"3,343.70",Urban
55025,WI,Dane County,55025012300,1,1.0,"5,304",8.6,619.7,Urban
55025,WI,Dane County,55025013000,1,1.0,"4,220",13.9,303.6,Urban
55025,WI,Dane County,55025013200,1,1.0,"8,573",92.9,92.3,Urban
55025,WI,Dane County,55025013301,1,1.0,"4,432",6.3,702.5,Urban
55025,WI,Dane County,55025013302,1,1.0,"5,620",3.1,"1,802.40",Urban
55025,WI,Dane County,55025013700,1,1.0,"4,644",7.4,628.1,Urban
55031,WI,Douglas County,55031020300,1,1.0,"2,870",0.9,"3,173.60",Urban
55031,WI,Douglas County,55031020400,1,1.0,"3,189",1.4,"2,347.80",Urban
55031,WI,Douglas County,55031020500,1,1.0,"3,090",0.8,"4,117.60",Urban
55031,WI,Douglas County,55031020600,1,1.0,"4,438",0.9,"5,086.90",Urban
55031,WI,Douglas County,55031020700,1,1.0,"4,147",10.9,378.9,Urban
55031,WI,Douglas County,55031020800,1,1.0,"3,477",9.3,375.7,Urban
55031,WI,Douglas County,55031020900,1,1.0,"2,396",2.1,"1,127.30",Urban
55031,WI,Douglas County,55031021000,1,1.0,"1,955",17.2,113.6,Urban
55031,WI,Douglas County,55031021100,1,1.0,"2,257",2.8,794.6,Urban
55035,WI,Eau Claire County,55035000301,1,1.0,"3,629",29.8,121.7,Urban
55035,WI,Eau Claire County,55035000302,1,1.0,"6,638",54.3,122.3,Urban
55035,WI,Eau Claire County,55035000400,1,1.0,"7,259",5.9,"1,236.00",Urban
55035,WI,Eau Claire County,55035000501,1,1.0,"4,864",2.5,"1,982.20",Urban
55035,WI,Eau Claire County,55035000502,1,1.0,"4,676",3.3,"1,421.00",Urban
55035,WI,Eau Claire County,55035000600,1,1.0,"5,107",1.8,"2,818.50",Urban
55035,WI,Eau Claire County,55035000700,1,1.0,"4,999",1.4,"3,507.40",Urban
55035,WI,Eau Claire County,55035000801,1,1.0,"3,544",1.0,"3,379.80",Urban
55035,WI,Eau Claire County,55035000802,1,1.0,"3,801",1.9,"2,010.20",Urban
55035,WI,Eau Claire County,55035000803,1,1.0,"5,737",2.5,"2,285.10",Urban
55035,WI,Eau Claire County,55035000900,1,1.0,"4,815",2.7,"1,792.50",Urban
55035,WI,Eau Claire County,55035001101,1,1.0,"1,939",0.4,"5,402.20",Urban
55035,WI,Eau Claire County,55035001200,1,1.0,"5,424",1.5,"3,703.20",Urban
55035,WI,Eau Claire County,55035001300,1,1.0,"5,131",5.2,983.6,Urban
55035,WI,Eau Claire County,55035001400,1,1.0,"6,896",2.6,"2,643.20",Urban
55035,WI,Eau Claire County,55035001500,1,1.0,"3,288",27.7,118.6,Urban
55035,WI,Eau Claire County,55035001700,1,1.0,"5,917",1.0,"6,091.40",Urban
55039,WI,Fond du Lac County,55039040100,1,1.0,"4,237",1.0,"4,176.60",Urban
55039,WI,Fond du Lac County,55039040200,1,1.0,"3,021",0.9,"3,460.30",Urban
55039,WI,Fond du Lac County,55039040300,1,1.0,"5,619",1.5,"3,731.80",Urban
55039,WI,Fond du Lac County,55039040400,1,1.0,"2,849",0.8,"3,677.50",Urban
55039,WI,Fond du Lac County,55039040500,1,1.0,"3,875",0.7,"5,957.10",Urban
55039,WI,Fond du Lac County,55039040700,1,1.0,"4,263",18.3,233.2,Urban
55039,WI,Fond du Lac County,55039040800,1,1.0,"4,571",0.6,"8,139.50",Urban
55039,WI,Fond du Lac County,55039040900,1,1.0,"3,263",0.7,"4,799.60",Urban
55039,WI,Fond du Lac County,55039041000,1,1.0,"2,814",0.9,"3,015.70",Urban
55039,WI,Fond du Lac County,55039041100,1,1.0,"9,745",8.8,"1,113.30",Urban
55039,WI,Fond du Lac County,55039041300,1,1.0,"6,573",6.8,970.4,Urban
55039,WI,Fond du Lac County,55039042000,1,1.0,"8,718",60.9,143.2,Urban
55055,WI,Jefferson County,55055101702,1,1.0,"4,739",38.4,123.5,Urban
55059,WI,Kenosha County,55059000100,1,1.1,"5,770",4.7,"1,230.90",Urban
55059,WI,Kenosha County,55059000300,1,1.1,"4,973",1.0,"4,858.10",Urban
55059,WI,Kenosha County,55059000400,1,1.1,"3,620",0.8,"4,291.20",Urban
55059,WI,Kenosha County,55059000500,1,1.1,"5,267",1.1,"4,595.30",Urban
55059,WI,Kenosha County,55059000601,1,1.0,"6,602",26.8,246.4,Urban
55059,WI,Kenosha County,55059000602,1,1.1,"7,910",3.1,"2,574.20",Urban
55059,WI,Kenosha County,55059000700,1,1.1,"5,530",1.8,"3,058.20",Urban
55059,WI,Kenosha County,55059000800,1,1.1,"2,704",0.5,"5,403.40",Urban
55059,WI,Kenosha County,55059000900,1,1.1,"4,251",0.5,"7,976.50",Urban
55059,WI,Kenosha County,55059001000,1,1.1,"2,313",0.5,"4,641.90",Urban
55059,WI,Kenosha County,55059001100,1,1.1,"3,219",0.3,"9,604.50",Urban
55059,WI,Kenosha County,55059001200,1,1.1,"4,078",0.7,"5,906.20",Urban
55059,WI,Kenosha County,55059001300,1,1.1,"4,136",0.7,"5,758.50",Urban
55059,WI,Kenosha County,55059001400,1,1.1,"7,144",1.4,"4,979.70",Urban
55059,WI,Kenosha County,55059001500,1,1.1,"3,738",0.5,"6,852.10",Urban
55059,WI,Kenosha County,55059001600,1,1.1,"3,436",0.4,"9,353.60",Urban
55059,WI,Kenosha County,55059001700,1,1.1,"2,665",0.4,"6,324.00",Urban
55059,WI,Kenosha County,55059001800,1,1.1,"2,298",0.4,"5,825.90",Urban
55059,WI,Kenosha County,55059001900,1,1.1,"2,351",0.6,"4,184.20",Urban
55059,WI,Kenosha County,55059002000,1,1.0,"5,870",7.6,776.7,Urban
55059,WI,Kenosha County,55059002100,1,1.1,"5,246",0.9,"5,740.70",Urban
55059,WI,Kenosha County,55059002200,1,1.1,"3,562",0.6,"6,187.10",Urban
55059,WI,Kenosha County,55059002300,1,1.1,"5,955",1.8,"3,377.20",Urban
55059,WI,Kenosha County,55059002400,1,1.1,"4,720",1.5,"3,138.90",Urban
55059,WI,Kenosha County,55059002500,1,1.1,"3,478",2.2,"1,567.40",Urban
55059,WI,Kenosha County,55059002601,1,1.1,"8,493",3.5,"2,438.90",Urban
55059,WI,Kenosha County,55059002602,1,1.0,"8,602",21.2,405.6,Urban
55063,WI,La Crosse County,55063000100,1,1.0,"4,712",2.7,"1,719.20",Urban
55063,WI,La Crosse County,55063000200,1,1.0,"5,077",2.3,"2,247.80",Urban
55063,WI,La Crosse County,55063000300,1,1.0,"2,292",1.8,"1,250.30",Urban
55063,WI,La Crosse County,55063000400,1,1.0,"5,498",0.7,"8,311.10",Urban
55063,WI,La Crosse County,55063000500,1,1.0,"4,773",1.2,"3,822.50",Urban
55063,WI,La Crosse County,55063000600,1,1.0,"2,142",1.8,"1,178.60",Urban
55063,WI,La Crosse County,55063000700,1,1.0,"4,430",2.6,"1,714.60",Urban
55063,WI,La Crosse County,55063000800,1,1.0,"3,049",0.4,"7,014.10",Urban
55063,WI,La Crosse County,55063000900,1,1.0,"3,742",1.2,"2,996.40",Urban
55063,WI,La Crosse County,55063001000,1,1.0,"3,790",0.6,"6,476.50",Urban
55063,WI,La Crosse County,55063001101,1,1.0,"2,131",0.6,"3,456.60",Urban
55063,WI,La Crosse County,55063001102,1,1.0,"3,910",1.1,"3,675.70",Urban
55063,WI,La Crosse County,55063001200,1,1.0,"4,172",0.9,"4,519.80",Urban
55063,WI,La Crosse County,55063010102,1,1.0,"4,598",3.7,"1,254.90",Urban
55063,WI,La Crosse County,55063010201,1,1.0,"9,503",66.4,143.1,Urban
55063,WI,La Crosse County,55063010202,1,1.0,"6,688",29.6,226.1,Urban
55063,WI,La Crosse County,55063010203,1,1.0,"1,887",4.7,397.8,Urban
55063,WI,La Crosse County,55063010300,1,1.0,"4,488",4.4,"1,022.70",Urban
55063,WI,La Crosse County,55063010401,1,1.0,"5,214",21.8,238.9,Urban
55063,WI,La Crosse County,55063010402,1,1.0,"9,163",3.2,"2,907.00",Urban
55063,WI,La Crosse County,55063010500,1,1.0,"5,761",4.5,"1,286.60",Urban
55063,WI,La Crosse County,55063010700,1,1.0,"5,484",26.7,205.4,Urban
55073,WI,Marathon County,55073000100,1,1.0,"3,138",0.7,"4,629.40",Urban
55073,WI,Marathon County,55073000200,1,1.0,"2,932",1.2,"2,514.20",Urban
55073,WI,Marathon County,55073000300,1,1.0,"5,188",5.0,"1,041.40",Urban
55073,WI,Marathon County,55073000400,1,1.0,"6,150",2.6,"2,393.20",Urban
55073,WI,Marathon County,55073000500,1,1.0,"2,970",0.7,"3,985.60",Urban
55073,WI,Marathon County,55073000601,1,1.0,"2,066",1.0,"2,081.70",Urban
55073,WI,Marathon County,55073000602,1,1.0,"4,083",1.0,"4,133.50",Urban
55073,WI,Marathon County,55073000700,1,1.0,"5,382",3.3,"1,653.30",Urban
55073,WI,Marathon County,55073000800,1,1.0,"3,463",1.7,"2,079.30",Urban
55073,WI,Marathon County,55073000900,1,1.0,"2,240",1.5,"1,486.20",Urban
55073,WI,Marathon County,55073001000,1,1.0,"3,626",2.7,"1,339.10",Urban
55073,WI,Marathon County,55073001102,1,1.0,"7,996",55.3,144.6,Urban
55073,WI,Marathon County,55073001103,1,1.0,"5,083",3.8,"1,327.40",Urban
55073,WI,Marathon County,55073001104,1,1.0,"5,926",4.2,"1,400.60",Urban
55073,WI,Marathon County,55073001201,1,1.0,"8,096",58.2,139.1,Urban
55073,WI,Marathon County,55073001202,1,1.0,"5,321",38.6,137.9,Urban
55073,WI,Marathon County,55073001300,1,1.0,"6,811",24.7,275.5,Urban
55073,WI,Marathon County,55073001400,1,1.0,"6,635",41.2,161.1,Urban
55079,WI,Milwaukee County,55079000101,1,1.0,"4,822",1.5,"3,277.60",Urban
55079,WI,Milwaukee County,55079000102,1,1.0,"3,507",2.5,"1,398.10",Urban
55079,WI,Milwaukee County,55079000201,1,1.0,"5,450",3.1,"1,784.80",Urban
55079,WI,Milwaukee County,55079000202,1,1.0,"6,101",3.0,"2,003.70",Urban
55079,WI,Milwaukee County,55079000301,1,1.0,"1,483",0.8,"1,910.50",Urban
55079,WI,Milwaukee County,55079000302,1,1.0,"3,028",0.7,"4,344.80",Urban
55079,WI,Milwaukee County,55079000303,1,1.0,"1,873",0.6,"3,053.50",Urban
55079,WI,Milwaukee County,55079000304,1,1.0,"3,382",1.3,"2,601.80",Urban
55079,WI,Milwaukee County,55079000400,1,1.0,"2,439",0.9,"2,622.60",Urban
55079,WI,Milwaukee County,55079000501,1,1.0,"3,450",1.6,"2,205.90",Urban
55079,WI,Milwaukee County,55079000502,1,1.0,"4,878",0.7,"7,084.60",Urban
55079,WI,Milwaukee County,55079000600,1,1.0,"6,290",1.5,"4,184.90",Urban
55079,WI,Milwaukee County,55079000700,1,1.0,"3,580",1.5,"2,369.30",Urban
55079,WI,Milwaukee County,55079000800,1,1.0,"5,129",1.2,"4,374.10",Urban
55079,WI,Milwaukee County,55079000900,1,1.0,"3,694",1.3,"2,753.50",Urban
55079,WI,Milwaukee County,55079001000,1,1.0,"3,654",0.6,"6,154.60",Urban
55079,WI,Milwaukee County,55079001100,1,1.0,"2,800",1.2,"2,285.20",Urban
55079,WI,Milwaukee County,55079001200,1,1.0,"2,985",0.5,"6,308.30",Urban
55079,WI,Milwaukee County,55079001300,1,1.0,"3,733",0.8,"4,893.90",Urban
55079,WI,Milwaukee County,55079001400,1,1.0,"2,595",0.4,"6,048.70",Urban
55079,WI,Milwaukee County,55079001500,1,1.0,"3,173",0.6,"5,534.90",Urban
55079,WI,Milwaukee County,55079001600,1,1.0,"2,990",0.5,"5,875.00",Urban
55079,WI,Milwaukee County,55079001700,1,1.0,"4,458",0.5,"8,719.40",Urban
55079,WI,Milwaukee County,55079001800,1,1.0,"3,153",0.4,"8,289.70",Urban
55079,WI,Milwaukee County,55079001900,1,1.0,"3,518",0.4,"9,304.30",Urban
55079,WI,Milwaukee County,55079002000,1,1.0,"2,470",0.4,"6,026.50",Urban
55079,WI,Milwaukee County,55079002100,1,1.0,"2,474",0.3,"7,134.10",Urban
55079,WI,Milwaukee County,55079002200,1,1.0,"1,790",0.4,"4,052.00",Urban
55079,WI,Milwaukee County,55079002300,1,1.0,"4,406",0.7,"6,197.90",Urban
55079,WI,Milwaukee County,55079002400,1,1.0,"2,244",0.4,"5,010.60",Urban
55079,WI,Milwaukee County,55079002500,1,1.0,"2,195",0.2,"10,288.40",Urban
55079,WI,Milwaukee County,55079002600,1,1.0,"2,829",0.3,"10,484.70",Urban
55079,WI,Milwaukee County,55079002700,1,1.0,"1,995",0.3,"7,527.90",Urban
55079,WI,Milwaukee County,55079002800,1,1.0,"2,252",0.3,"8,872.30",Urban
55079,WI,Milwaukee County,55079002900,1,1.0,"2,179",0.3,"8,595.70",Urban
55079,WI,Milwaukee County,55079003000,1,1.0,"3,782",0.5,"7,463.90",Urban
55079,WI,Milwaukee County,55079003100,1,1.0,"3,572",0.5,"7,379.90",Urban
55079,WI,Milwaukee County,55079003200,1,1.0,"2,819",0.3,"8,979.50",Urban
55079,WI,Milwaukee County,55079003300,1,1.0,"5,182",0.6,"9,112.80",Urban
55079,WI,Milwaukee County,55079003400,1,1.0,"5,533",0.8,"7,013.40",Urban
55079,WI,Milwaukee County,55079003500,1,1.0,"3,410",0.5,"7,543.80",Urban
55079,WI,Milwaukee County,55079003600,1,1.0,"1,893",0.4,"4,859.60",Urban
55079,WI,Milwaukee County,55079003700,1,1.0,"2,315",0.2,"9,464.50",Urban
55079,WI,Milwaukee County,55079003800,1,1.0,"2,196",0.3,"8,635.50",Urban
55079,WI,Milwaukee County,55079003900,1,1.0,"2,630",0.3,"10,261.50",Urban
55079,WI,Milwaukee County,55079004000,1,1.0,"2,662",0.2,"10,705.40",Urban
55079,WI,Milwaukee County,55079004100,1,1.0,"2,565",0.6,"4,607.10",Urban
55079,WI,Milwaukee County,55079004200,1,1.0,"3,047",0.3,"11,441.60",Urban
55079,WI,Milwaukee County,55079004300,1,1.0,"5,349",0.8,"6,926.90",Urban
55079,WI,Milwaukee County,55079004400,1,1.0,"3,333",0.9,"3,848.10",Urban
55079,WI,Milwaukee County,55079004500,1,1.0,"2,478",0.3,"9,344.60",Urban
55079,WI,Milwaukee County,55079004600,1,1.0,"2,984",0.3,"11,305.70",Urban
55079,WI,Milwaukee County,55079004700,1,1.0,"4,021",0.6,"7,254.90",Urban
55079,WI,Milwaukee County,55079004800,1,1.0,"4,002",0.4,"10,420.40",Urban
55079,WI,Milwaukee County,55079004900,1,1.0,"4,506",0.4,"11,812.40",Urban
55079,WI,Milwaukee County,55079005000,1,1.0,"4,707",0.4,"10,687.10",Urban
55079,WI,Milwaukee County,55079005100,1,1.0,"3,401",0.9,"3,644.10",Urban
55079,WI,Milwaukee County,55079005200,1,1.0,"1,657",0.3,"6,306.00",Urban
55079,WI,Milwaukee County,55079005300,1,1.0,"1,920",0.3,"7,414.20",Urban
55079,WI,Milwaukee County,55079005400,1,1.0,"3,690",0.5,"7,133.80",Urban
55079,WI,Milwaukee County,55079005500,1,1.0,"3,318",0.5,"6,681.00",Urban
55079,WI,Milwaukee County,55079005600,1,1.0,"2,198",0.5,"4,535.50",Urban
55079,WI,Milwaukee County,55079005700,1,1.0,"2,371",0.3,"7,652.10",Urban
55079,WI,Milwaukee County,55079005800,1,1.0,"3,430",0.4,"8,755.50",Urban
55079,WI,Milwaukee County,55079005900,1,1.0,"3,614",0.3,"11,088.00",Urban
55079,WI,Milwaukee County,55079006000,1,1.0,"2,658",0.2,"16,617.70",Urban
55079,WI,Milwaukee County,55079006100,1,1.0,"2,320",0.2,"11,544.50",Urban
55079,WI,Milwaukee County,55079006200,1,1.0,"2,923",0.2,"16,105.20",Urban
55079,WI,Milwaukee County,55079006300,1,1.0,"2,462",0.3,"7,324.10",Urban
55079,WI,Milwaukee County,55079006400,1,1.0,"2,510",0.2,"13,308.30",Urban
55079,WI,Milwaukee County,55079006500,1,1.0,"2,628",0.2,"13,562.20",Urban
55079,WI,Milwaukee County,55079006600,1,1.0,"3,053",0.4,"8,373.70",Urban
55079,WI,Milwaukee County,55079006700,1,1.0,"1,492",0.2,"9,138.90",Urban
55079,WI,Milwaukee County,55079006800,1,1.0,"2,813",0.2,"12,587.10",Urban
55079,WI,Milwaukee County,55079006900,1,1.0,"2,585",0.2,"13,300.40",Urban
55079,WI,Milwaukee County,55079007000,1,1.0,"3,020",0.3,"11,789.50",Urban
55079,WI,Milwaukee County,55079007100,1,1.0,"1,912",0.1,"13,470.50",Urban
55079,WI,Milwaukee County,55079007200,1,1.0,"2,791",0.3,"8,884.20",Urban
55079,WI,Milwaukee County,55079007300,1,1.0,"2,477",0.3,"9,698.10",Urban
55079,WI,Milwaukee County,55079007400,1,1.0,"4,122",0.4,"11,689.60",Urban
55079,WI,Milwaukee County,55079007500,1,1.0,"2,706",0.3,"10,144.40",Urban
55079,WI,Milwaukee County,55079007600,1,1.0,"3,275",0.2,"14,649.00",Urban
55079,WI,Milwaukee County,55079007700,1,1.0,"3,807",0.3,"14,628.90",Urban
55079,WI,Milwaukee County,55079007800,1,1.0,"3,446",0.2,"13,961.70",Urban
55079,WI,Milwaukee County,55079007900,1,1.0,"2,224",0.2,"11,224.40",Urban
55079,WI,Milwaukee County,55079008000,1,1.0,"1,951",0.1,"15,499.10",Urban
55079,WI,Milwaukee County,55079008100,1,1.0,"1,331",0.1,"12,361.10",Urban
55079,WI,Milwaukee County,55079008400,1,1.0,"1,315",0.2,"7,458.50",Urban
55079,WI,Milwaukee County,55079008500,1,1.0,"1,309",0.2,"8,500.10",Urban
55079,WI,Milwaukee County,55079008600,1,1.0,"1,500",0.1,"12,861.60",Urban
55079,WI,Milwaukee County,55079008700,1,1.0,"1,410",0.1,"11,091.90",Urban
55079,WI,Milwaukee County,55079008800,1,1.0,"2,121",0.2,"11,203.40",Urban
55079,WI,Milwaukee County,55079008900,1,1.0,"1,462",0.2,"6,343.80",Urban
55079,WI,Milwaukee County,55079009000,1,1.0,"2,544",0.2,"13,097.80",Urban
55079,WI,Milwaukee County,55079009100,1,1.0,"2,425",0.2,"12,346.60",Urban
55079,WI,Milwaukee County,55079009200,1,1.0,"1,901",0.2,"12,070.60",Urban
55079,WI,Milwaukee County,55079009300,1,1.0,"2,535",0.2,"11,508.00",Urban
55079,WI,Milwaukee County,55079009400,1,1.0,"2,423",0.2,"10,387.40",Urban
55079,WI,Milwaukee County,55079009500,1,1.0,"2,121",0.2,"10,613.90",Urban
55079,WI,Milwaukee County,55079009600,1,1.0,"2,317",0.4,"6,053.90",Urban
55079,WI,Milwaukee County,55079009700,1,1.0,"1,939",0.2,"11,254.50",Urban
55079,WI,Milwaukee County,55079009800,1,1.0,"1,433",0.2,"8,432.00",Urban
55079,WI,Milwaukee County,55079009900,1,1.0,"1,458",0.2,"7,314.10",Urban
55079,WI,Milwaukee County,55079010600,1,1.0,"1,192",0.1,"10,617.10",Urban
55079,WI,Milwaukee County,55079010700,1,1.0,"2,208",0.2,"10,114.20",Urban
55079,WI,Milwaukee County,55079010800,1,1.0,"2,469",0.1,"19,717.30",Urban
55079,WI,Milwaukee County,55079011000,1,1.0,"3,428",0.1,"31,919.90",Urban
55079,WI,Milwaukee County,55079011100,1,1.0,"1,481",0.1,"15,470.90",Urban
55079,WI,Milwaukee County,55079011200,1,1.0,"2,219",0.1,"15,785.40",Urban
55079,WI,Milwaukee County,55079011300,1,1.0,"1,829",0.2,"10,923.70",Urban
55079,WI,Milwaukee County,55079011400,1,1.0,"1,137",0.2,"5,749.50",Urban
55079,WI,Milwaukee County,55079012200,1,1.0,"2,557",0.2,"13,284.00",Urban
55079,WI,Milwaukee County,55079012300,1,1.0,"1,122",0.3,"3,778.00",Urban
55079,WI,Milwaukee County,55079012400,1,1.0,"2,592",0.5,"5,113.50",Urban
55079,WI,Milwaukee County,55079012500,1,1.0,"2,014",0.7,"2,865.90",Urban
55079,WI,Milwaukee County,55079012600,1,1.0,"2,169",0.3,"7,143.90",Urban
55079,WI,Milwaukee County,55079012700,1,1.0,"1,189",0.4,"3,035.70",Urban
55079,WI,Milwaukee County,55079012800,1,1.0,"2,958",1.1,"2,811.00",Urban
55079,WI,Milwaukee County,55079012900,1,1.0,"2,942",0.4,"7,413.60",Urban
55079,WI,Milwaukee County,55079013000,1,1.0,"1,800",0.3,"7,160.80",Urban
55079,WI,Milwaukee County,55079013300,1,1.0,"1,066",0.2,"4,630.10",Urban
55079,WI,Milwaukee County,55079013400,1,1.0,"2,335",0.2,"11,265.00",Urban
55079,WI,Milwaukee County,55079013500,1,1.0,"1,911",0.1,"19,536.60",Urban
55079,WI,Milwaukee County,55079013600,1,1.0,"2,489",0.2,"16,491.40",Urban
55079,WI,Milwaukee County,55079013700,1,1.0,"1,578",0.1,"12,954.40",Urban
55079,WI,Milwaukee County,55079014100,1,1.0,"1,551",0.3,"6,040.30",Urban
55079,WI,Milwaukee County,55079014300,1,1.0,"2,297",0.1,"23,806.00",Urban
55079,WI,Milwaukee County,55079014400,1,1.0,"2,612",0.2,"12,091.90",Urban
55079,WI,Milwaukee County,55079014600,1,1.0,"3,946",0.2,"25,271.20",Urban
55079,WI,Milwaukee County,55079014700,1,1.0,"3,291",0.1,"31,627.60",Urban
55079,WI,Milwaukee County,55079014800,1,1.0,"2,403",0.1,"18,186.90",Urban
55079,WI,Milwaukee County,55079014900,1,1.0,"1,483",0.1,"10,770.20",Urban
55079,WI,Milwaukee County,55079015700,1,1.0,"3,231",0.2,"17,196.90",Urban
55079,WI,Milwaukee County,55079015800,1,1.0,"3,058",0.2,"18,477.70",Urban
55079,WI,Milwaukee County,55079015900,1,1.0,"3,819",0.2,"20,977.60",Urban
55079,WI,Milwaukee County,55079016000,1,1.0,"3,310",0.2,"21,676.00",Urban
55079,WI,Milwaukee County,55079016100,1,1.0,"3,574",0.2,"15,504.40",Urban
55079,WI,Milwaukee County,55079016200,1,1.0,"3,366",0.2,"18,793.70",Urban
55079,WI,Milwaukee County,55079016300,1,1.0,"5,124",0.2,"23,649.50",Urban
55079,WI,Milwaukee County,55079016400,1,1.0,"4,948",0.2,"27,544.80",Urban
55079,WI,Milwaukee County,55079016500,1,1.0,"2,695",0.4,"6,559.80",Urban
55079,WI,Milwaukee County,55079016600,1,1.0,"2,313",0.2,"9,954.60",Urban
55079,WI,Milwaukee County,55079016700,1,1.0,"3,355",0.2,"17,873.00",Urban
55079,WI,Milwaukee County,55079016800,1,1.0,"3,450",0.2,"16,982.10",Urban
55079,WI,Milwaukee County,55079016900,1,1.0,"4,130",0.2,"22,395.90",Urban
55079,WI,Milwaukee County,55079017000,1,1.0,"6,112",0.3,"22,433.10",Urban
55079,WI,Milwaukee County,55079017100,1,1.0,"2,937",0.2,"11,775.30",Urban
55079,WI,Milwaukee County,55079017200,1,1.0,"2,509",0.2,"13,868.70",Urban
55079,WI,Milwaukee County,55079017300,1,1.0,"3,894",0.2,"19,792.70",Urban
55079,WI,Milwaukee County,55079017400,1,1.0,"2,953",0.1,"23,422.10",Urban
55079,WI,Milwaukee County,55079017500,1,1.0,"4,185",0.2,"22,182.40",Urban
55079,WI,Milwaukee County,55079017600,1,1.0,"3,195",0.2,"17,547.10",Urban
55079,WI,Milwaukee County,55079017900,1,1.0,"3,003",0.2,"12,686.60",Urban
55079,WI,Milwaukee County,55079018000,1,1.0,"2,749",1.1,"2,522.10",Urban
55079,WI,Milwaukee County,55079018100,1,1.0,"1,637",0.2,"7,378.40",Urban
55079,WI,Milwaukee County,55079018200,1,1.0,"1,608",0.2,"7,452.50",Urban
55079,WI,Milwaukee County,55079018300,1,1.0,"2,344",0.3,"9,035.50",Urban
55079,WI,Milwaukee County,55079018400,1,1.0,"1,404",0.3,"5,087.90",Urban
55079,WI,Milwaukee County,55079018500,1,1.0,"1,633",0.7,"2,254.40",Urban
55079,WI,Milwaukee County,55079018600,1,1.0,"3,000",0.2,"16,243.50",Urban
55079,WI,Milwaukee County,55079018700,1,1.0,"3,876",0.2,"20,501.60",Urban
55079,WI,Milwaukee County,55079018800,1,1.0,"2,066",0.4,"5,693.60",Urban
55079,WI,Milwaukee County,55079018900,1,1.0,"1,635",0.2,"6,926.40",Urban
55079,WI,Milwaukee County,55079019000,1,1.0,"4,545",1.0,"4,772.40",Urban
55079,WI,Milwaukee County,55079019100,1,1.0,"3,584",0.6,"5,948.10",Urban
55079,WI,Milwaukee County,55079019200,1,1.0,"3,186",0.6,"5,779.10",Urban
55079,WI,Milwaukee County,55079019300,1,1.0,"2,557",0.3,"7,516.60",Urban
55079,WI,Milwaukee County,55079019400,1,1.0,"3,732",0.5,"7,420.80",Urban
55079,WI,Milwaukee County,55079019500,1,1.0,"3,350",0.5,"6,619.50",Urban
55079,WI,Milwaukee County,55079019600,1,1.0,"3,616",0.5,"7,186.70",Urban
55079,WI,Milwaukee County,55079019700,1,1.0,"5,344",0.7,"7,350.10",Urban
55079,WI,Milwaukee County,55079019800,1,1.0,"4,913",0.8,"6,176.10",Urban
55079,WI,Milwaukee County,55079019900,1,1.0,"3,479",0.6,"5,925.50",Urban
55079,WI,Milwaukee County,55079020000,1,1.0,"3,411",0.5,"6,391.30",Urban
55079,WI,Milwaukee County,55079020100,1,1.0,"3,529",0.7,"4,778.80",Urban
55079,WI,Milwaukee County,55079020200,1,1.0,"3,024",0.4,"8,175.40",Urban
55079,WI,Milwaukee County,55079020300,1,1.0,"3,773",0.6,"6,734.90",Urban
55079,WI,Milwaukee County,55079020400,1,1.0,"3,216",0.2,"17,030.10",Urban
55079,WI,Milwaukee County,55079020500,1,1.0,"2,921",0.2,"15,838.10",Urban
55079,WI,Milwaukee County,55079020600,1,1.0,"3,525",0.5,"6,883.40",Urban
55079,WI,Milwaukee County,55079020700,1,1.0,"4,311",0.7,"6,285.50",Urban
55079,WI,Milwaukee County,55079020800,1,1.0,"3,009",0.4,"8,506.50",Urban
55079,WI,Milwaukee County,55079020900,1,1.0,"2,553",0.4,"6,535.80",Urban
55079,WI,Milwaukee County,55079021000,1,1.0,"2,189",0.5,"4,347.80",Urban
55079,WI,Milwaukee County,55079021100,1,1.0,"1,364",0.2,"5,499.70",Urban
55079,WI,Milwaukee County,55079021200,1,1.0,"2,097",0.7,"2,803.40",Urban
55079,WI,Milwaukee County,55079021300,1,1.0,"1,631",0.5,"3,412.20",Urban
55079,WI,Milwaukee County,55079021400,1,1.0,"3,288",0.5,"6,637.00",Urban
55079,WI,Milwaukee County,55079021500,1,1.0,"2,824",0.5,"5,665.40",Urban
55079,WI,Milwaukee County,55079021600,1,1.0,"4,365",1.4,"3,055.40",Urban
55079,WI,Milwaukee County,55079021700,1,1.0,"6,142",4.9,"1,253.10",Urban
55079,WI,Milwaukee County,55079021800,1,1.0,"2,223",0.3,"6,533.40",Urban
55079,WI,Milwaukee County,55079030100,1,1.0,"4,300",2.3,"1,867.20",Urban
55079,WI,Milwaukee County,55079035100,1,1.0,"2,257",1.4,"1,641.10",Urban
55079,WI,Milwaukee County,55079035200,1,1.0,"4,435",1.5,"2,918.60",Urban
55079,WI,Milwaukee County,55079040100,1,1.0,"1,597",5.1,311.3,Urban
55079,WI,Milwaukee County,55079050101,1,1.0,"5,990",1.9,"3,160.40",Urban
55079,WI,Milwaukee County,55079050102,1,1.0,"6,009",2.5,"2,402.80",Urban
55079,WI,Milwaukee County,55079060101,1,1.0,"4,038",1.7,"2,435.70",Urban
55079,WI,Milwaukee County,55079060102,1,1.0,"3,138",1.2,"2,660.30",Urban
55079,WI,Milwaukee County,55079060200,1,1.0,"5,705",2.9,"1,948.10",Urban
55079,WI,Milwaukee County,55079070100,1,1.0,"4,373",0.6,"6,932.50",Urban
55079,WI,Milwaukee County,55079070200,1,1.0,"5,172",1.0,"5,179.20",Urban
55079,WI,Milwaukee County,55079070300,1,1.0,"4,541",0.5,"9,207.90",Urban
55079,WI,Milwaukee County,55079080100,1,1.0,"2,680",0.4,"6,942.30",Urban
55079,WI,Milwaukee County,55079080200,1,1.0,"3,368",0.3,"9,903.00",Urban
55079,WI,Milwaukee County,55079080300,1,1.0,"3,884",0.6,"6,733.50",Urban
55079,WI,Milwaukee County,55079080400,1,1.0,"3,254",0.3,"11,239.10",Urban
55079,WI,Milwaukee County,55079090100,1,1.0,"4,558",1.8,"2,603.00",Urban
55079,WI,Milwaukee County,55079090200,1,1.0,"1,800",1.5,"1,222.60",Urban
55079,WI,Milwaukee County,55079090300,1,1.0,"3,297",1.6,"2,120.20",Urban
55079,WI,Milwaukee County,55079090600,1,1.0,"4,642",1.2,"3,896.60",Urban
55079,WI,Milwaukee County,55079090700,1,1.0,"3,159",0.7,"4,569.90",Urban
55079,WI,Milwaukee County,55079090800,1,1.0,"2,363",0.3,"7,841.80",Urban
55079,WI,Milwaukee County,55079090900,1,1.0,"3,837",0.5,"8,114.90",Urban
55079,WI,Milwaukee County,55079091000,1,1.0,"4,438",0.4,"10,356.80",Urban
55079,WI,Milwaukee County,55079091100,1,1.0,"4,250",0.7,"6,393.10",Urban
55079,WI,Milwaukee County,55079091200,1,1.0,"4,699",0.9,"5,131.20",Urban
55079,WI,Milwaukee County,55079091300,1,1.0,"3,737",0.7,"5,643.80",Urban
55079,WI,Milwaukee County,55079091400,1,1.0,"2,195",0.3,"7,039.10",Urban
55079,WI,Milwaukee County,55079100100,1,1.0,"3,693",0.3,"11,055.60",Urban
55079,WI,Milwaukee County,55079100200,1,1.0,"3,724",0.8,"4,873.00",Urban
55079,WI,Milwaukee County,55079100300,1,1.0,"3,067",0.3,"10,170.00",Urban
55079,WI,Milwaukee County,55079100400,1,1.0,"2,801",0.5,"5,229.10",Urban
55079,WI,Milwaukee County,55079100500,1,1.0,"3,557",0.4,"8,082.30",Urban
55079,WI,Milwaukee County,55079100600,1,1.0,"2,103",0.3,"7,826.10",Urban
55079,WI,Milwaukee County,55079100700,1,1.0,"2,834",0.7,"4,318.20",Urban
55079,WI,Milwaukee County,55079100800,1,1.0,"2,975",1.0,"2,956.20",Urban
55079,WI,Milwaukee County,55079100900,1,1.0,"3,662",1.5,"2,521.50",Urban
55079,WI,Milwaukee County,55079101000,1,1.0,"5,121",1.6,"3,180.80",Urban
55079,WI,Milwaukee County,55079101100,1,1.0,"1,812",0.5,"3,516.90",Urban
55079,WI,Milwaukee County,55079101200,1,1.0,"3,240",0.5,"6,213.60",Urban
55079,WI,Milwaukee County,55079101300,1,1.0,"3,142",0.5,"5,970.40",Urban
55079,WI,Milwaukee County,55079101400,1,1.0,"3,660",0.5,"7,012.20",Urban
55079,WI,Milwaukee County,55079101500,1,1.0,"4,420",0.4,"10,923.60",Urban
55079,WI,Milwaukee County,55079101600,1,1.0,"4,582",0.6,"8,165.30",Urban
55079,WI,Milwaukee County,55079101700,1,1.0,"3,369",0.4,"9,356.00",Urban
55079,WI,Milwaukee County,55079101800,1,1.0,"2,649",0.6,"4,550.10",Urban
55079,WI,Milwaukee County,55079110100,1,1.0,"4,305",1.1,"3,780.10",Urban
55079,WI,Milwaukee County,55079120101,1,1.0,"3,953",2.0,"1,929.10",Urban
55079,WI,Milwaukee County,55079120102,1,1.0,"3,891",2.0,"1,933.70",Urban
55079,WI,Milwaukee County,55079120201,1,1.0,"3,606",0.7,"4,974.30",Urban
55079,WI,Milwaukee County,55079120202,1,1.0,"3,173",0.7,"4,475.30",Urban
55079,WI,Milwaukee County,55079120203,1,1.0,"3,529",1.2,"2,848.50",Urban
55079,WI,Milwaukee County,55079120300,1,1.0,"1,987",0.3,"5,823.60",Urban
55079,WI,Milwaukee County,55079120400,1,1.0,"7,312",1.9,"3,937.00",Urban
55079,WI,Milwaukee County,55079120501,1,1.0,"3,960",1.0,"3,942.90",Urban
55079,WI,Milwaukee County,55079120502,1,1.0,"5,246",1.6,"3,352.60",Urban
55079,WI,Milwaukee County,55079130100,1,1.0,"4,869",2.1,"2,269.90",Urban
55079,WI,Milwaukee County,55079130200,1,1.0,"2,822",1.1,"2,663.80",Urban
55079,WI,Milwaukee County,55079140100,1,1.0,"2,999",2.2,"1,365.70",Urban
55079,WI,Milwaukee County,55079140201,1,1.0,"5,235",1.8,"2,927.50",Urban
55079,WI,Milwaukee County,55079140202,1,1.0,"5,812",1.6,"3,682.40",Urban
55079,WI,Milwaukee County,55079150100,1,1.0,"8,972",5.2,"1,739.70",Urban
55079,WI,Milwaukee County,55079150301,1,1.0,"5,906",6.2,959,Urban
55079,WI,Milwaukee County,55079150303,1,1.0,"4,856",2.6,"1,892.60",Urban
55079,WI,Milwaukee County,55079150304,1,1.0,"4,041",2.7,"1,508.60",Urban
55079,WI,Milwaukee County,55079160100,1,1.0,"6,528",6.6,989.3,Urban
55079,WI,Milwaukee County,55079160202,1,1.0,"7,310",4.4,"1,654.30",Urban
55079,WI,Milwaukee County,55079160203,1,1.0,"6,069",3.5,"1,735.40",Urban
55079,WI,Milwaukee County,55079160204,1,1.0,"4,962",2.0,"2,516.30",Urban
55079,WI,Milwaukee County,55079160300,1,1.0,"9,582",12.0,797.6,Urban
55079,WI,Milwaukee County,55079170100,1,1.0,"2,689",1.4,"1,948.40",Urban
55079,WI,Milwaukee County,55079170200,1,1.0,"3,869",0.9,"4,360.30",Urban
55079,WI,Milwaukee County,55079170300,1,1.0,"2,662",0.5,"5,374.00",Urban
55079,WI,Milwaukee County,55079170400,1,1.0,"3,362",0.6,"5,577.80",Urban
55079,WI,Milwaukee County,55079170500,1,1.0,"2,471",0.3,"7,247.50",Urban
55079,WI,Milwaukee County,55079170600,1,1.0,"3,384",0.6,"5,887.90",Urban
55079,WI,Milwaukee County,55079170700,1,1.0,"2,719",0.5,"5,255.40",Urban
55079,WI,Milwaukee County,55079180100,1,1.0,"3,029",1.0,"2,968.80",Urban
55079,WI,Milwaukee County,55079180200,1,1.0,"4,536",0.4,"10,337.00",Urban
55079,WI,Milwaukee County,55079180300,1,1.0,"3,371",1.5,"2,301.10",Urban
55079,WI,Milwaukee County,55079180400,1,1.0,"2,735",0.6,"4,247.60",Urban
55079,WI,Milwaukee County,55079180500,1,1.0,"4,596",1.2,"3,840.90",Urban
55079,WI,Milwaukee County,55079185100,1,1.0,"4,210",1.4,"3,054.20",Urban
55079,WI,Milwaukee County,55079185200,1,1.0,"5,149",1.2,"4,445.50",Urban
55079,WI,Milwaukee County,55079185300,1,1.0,"3,438",2.8,"1,218.70",Urban
55079,WI,Milwaukee County,55079185400,1,1.0,"1,639",0.3,"5,955.00",Urban
55079,WI,Milwaukee County,55079185500,1,1.0,"1,709",0.3,"5,007.90",Urban
55079,WI,Milwaukee County,55079185600,1,1.0,"1,776",0.3,"6,803.60",Urban
55079,WI,Milwaukee County,55079185700,1,1.0,"2,124",0.3,"8,220.60",Urban
55079,WI,Milwaukee County,55079185800,1,1.0,"1,606",0.2,"9,471.90",Urban
55079,WI,Milwaukee County,55079185900,1,1.0,"1,213",0.2,"6,512.60",Urban
55079,WI,Milwaukee County,55079186000,1,1.0,"1,451",0.2,"6,451.70",Urban
55079,WI,Milwaukee County,55079186100,1,1.0,"2,275",0.2,"11,676.00",Urban
55079,WI,Milwaukee County,55079186200,1,1.0,"1,422",0.2,"6,931.30",Urban
55079,WI,Milwaukee County,55079186300,1,1.0,"3,268",0.5,"7,019.80",Urban
55079,WI,Milwaukee County,55079186400,1,1.0,"1,643",0.3,"5,516.20",Urban
55079,WI,Milwaukee County,55079186500,1,1.0,"1,667",0.5,"3,541.80",Urban
55079,WI,Milwaukee County,55079186600,1,1.0,"2,152",0.4,"5,588.50",Urban
55079,WI,Milwaukee County,55079186800,1,1.0,"1,614",2.2,732.8,Urban
55079,WI,Milwaukee County,55079186900,1,1.0,"2,213",0.2,"13,352.50",Urban
55079,WI,Milwaukee County,55079187000,1,1.0,"3,288",0.1,"23,684.90",Urban
55079,WI,Milwaukee County,55079187200,1,1.0,"5,384",15.0,358.6,Urban
55079,WI,Milwaukee County,55079187300,1,1.0,"6,293",3.0,"2,089.30",Urban
55079,WI,Milwaukee County,55079187400,1,1.0,"2,341",0.6,"3,825.70",Urban
55087,WI,Outagamie County,55087010100,1,1.0,"2,762",0.6,"5,010.40",Urban
55087,WI,Outagamie County,55087010200,1,1.0,"4,048",0.8,"5,221.30",Urban
55087,WI,Outagamie County,55087010300,1,1.0,"2,391",0.3,"8,503.70",Urban
55087,WI,Outagamie County,55087010500,1,1.0,"4,451",0.9,"5,062.00",Urban
55087,WI,Outagamie County,55087010601,1,1.0,"3,629",1.1,"3,314.40",Urban
55087,WI,Outagamie County,55087010602,1,1.0,"3,971",1.0,"3,976.60",Urban
55087,WI,Outagamie County,55087010700,1,1.0,"4,339",1.4,"3,086.40",Urban
55087,WI,Outagamie County,55087010800,1,1.0,"1,557",0.5,"3,164.20",Urban
55087,WI,Outagamie County,55087010900,1,1.0,"2,134",0.6,"3,292.50",Urban
55087,WI,Outagamie County,55087011000,1,1.0,"5,665",2.3,"2,507.40",Urban
55087,WI,Outagamie County,55087011101,1,1.0,"4,971",1.3,"3,874.40",Urban
55087,WI,Outagamie County,55087011102,1,1.0,"7,305",3.8,"1,936.50",Urban
55087,WI,Outagamie County,55087011200,1,1.0,"2,912",0.5,"5,624.10",Urban
55087,WI,Outagamie County,55087011300,1,1.0,"3,008",0.5,"5,815.10",Urban
55087,WI,Outagamie County,55087011400,1,1.0,"5,306",1.2,"4,252.50",Urban
55087,WI,Outagamie County,55087011501,1,1.0,"3,353",0.7,"4,777.30",Urban
55087,WI,Outagamie County,55087011502,1,1.0,"4,496",3.9,"1,164.50",Urban
55087,WI,Outagamie County,55087011600,1,1.0,"6,552",3.0,"2,180.60",Urban
55087,WI,Outagamie County,55087011700,1,1.0,"2,605",0.6,"4,062.30",Urban
55087,WI,Outagamie County,55087011800,1,1.0,"1,832",0.4,"4,269.40",Urban
55087,WI,Outagamie County,55087011900,1,1.0,"7,952",3.2,"2,472.60",Urban
55087,WI,Outagamie County,55087012000,1,1.0,"6,543",3.1,"2,086.60",Urban
55087,WI,Outagamie County,55087012100,1,1.0,"7,690",4.6,"1,673.30",Urban
55087,WI,Outagamie County,55087012200,1,1.0,"1,952",0.5,"4,287.90",Urban
55087,WI,Outagamie County,55087012300,1,1.0,"1,647",0.6,"2,644.00",Urban
55087,WI,Outagamie County,55087012400,1,1.0,"2,654",1.8,"1,477.40",Urban
55087,WI,Outagamie County,55087012503,1,1.0,"3,654",2.1,"1,775.10",Urban
55087,WI,Outagamie County,55087012504,1,1.0,"3,031",4.4,692.7,Urban
55087,WI,Outagamie County,55087012505,1,1.0,"3,094",9.8,315.5,Urban
55087,WI,Outagamie County,55087012506,1,1.0,"4,078",4.5,915.4,Urban
55087,WI,Outagamie County,55087012601,1,1.0,"8,333",19.3,432.6,Urban
55087,WI,Outagamie County,55087013300,1,1.0,"6,551",40.0,163.8,Urban
55089,WI,Ozaukee County,55089620100,1,1.0,"6,079",35.7,170.1,Urban
55089,WI,Ozaukee County,55089630100,1,1.0,"2,655",0.9,"2,886.30",Urban
55089,WI,Ozaukee County,55089630201,1,1.0,"4,743",16.6,286.4,Urban
55089,WI,Ozaukee County,55089630202,1,1.0,"5,202",5.1,"1,027.30",Urban
55089,WI,Ozaukee County,55089640100,1,1.0,"5,700",2.8,"2,036.90",Urban
55089,WI,Ozaukee County,55089640200,1,1.0,"7,790",21.4,364.8,Urban
55089,WI,Ozaukee County,55089650101,1,1.0,"6,516",3.0,"2,187.80",Urban
55089,WI,Ozaukee County,55089650102,1,1.0,"2,761",1.0,"2,884.50",Urban
55089,WI,Ozaukee County,55089650200,1,1.0,"5,038",2.1,"2,371.40",Urban
55089,WI,Ozaukee County,55089660100,1,1.0,"3,235",1.1,"2,982.00",Urban
55089,WI,Ozaukee County,55089660201,1,1.0,"3,954",18.0,219.4,Urban
55089,WI,Ozaukee County,55089660202,1,1.0,"5,678",14.8,383.8,Urban
55089,WI,Ozaukee County,55089660301,1,1.0,"5,699",6.1,941.3,Urban
55089,WI,Ozaukee County,55089660303,1,1.0,"4,822",5.0,961.7,Urban
55089,WI,Ozaukee County,55089660304,1,1.0,"3,161",2.5,"1,260.70",Urban
55101,WI,Racine County,55101000100,1,1.0,918,0.2,"4,575.40",Urban
55101,WI,Racine County,55101000200,1,1.0,"5,962",0.6,"9,432.50",Urban
55101,WI,Racine County,55101000300,1,1.0,"3,648",0.5,"6,717.20",Urban
55101,WI,Racine County,55101000400,1,1.0,"3,924",0.7,"5,761.40",Urban
55101,WI,Racine County,55101000500,1,1.0,"5,269",0.7,"7,624.30",Urban
55101,WI,Racine County,55101000600,1,1.0,"5,515",0.9,"6,069.60",Urban
55101,WI,Racine County,55101000700,1,1.0,"5,608",0.9,"6,177.30",Urban
55101,WI,Racine County,55101000800,1,1.0,"4,531",2.3,"1,993.00",Urban
55101,WI,Racine County,55101000901,1,1.0,"3,783",1.3,"2,835.40",Urban
55101,WI,Racine County,55101000903,1,1.0,"4,093",1.7,"2,340.60",Urban
55101,WI,Racine County,55101000904,1,1.0,"5,392",2.2,"2,414.80",Urban
55101,WI,Racine County,55101001001,1,1.0,"2,705",0.6,"4,780.30",Urban
55101,WI,Racine County,55101001002,1,1.0,"2,635",0.4,"6,072.10",Urban
55101,WI,Racine County,55101001003,1,1.0,"3,800",0.4,"9,439.20",Urban
55101,WI,Racine County,55101001100,1,1.0,"6,192",1.5,"4,270.30",Urban
55101,WI,Racine County,55101001201,1,1.0,"3,744",2.3,"1,644.40",Urban
55101,WI,Racine County,55101001202,1,1.0,"6,512",2.0,"3,289.10",Urban
55101,WI,Racine County,55101001301,1,1.0,"3,609",0.4,"8,494.50",Urban
55101,WI,Racine County,55101001302,1,1.0,"3,997",0.5,"7,292.30",Urban
55101,WI,Racine County,55101001400,1,1.0,"6,732",1.3,"5,082.80",Urban
55101,WI,Racine County,55101001501,1,1.0,"3,779",3.4,"1,109.30",Urban
55101,WI,Racine County,55101001502,1,1.0,"7,094",5.1,"1,402.20",Urban
55101,WI,Racine County,55101001504,1,1.0,"2,781",1.3,"2,149.80",Urban
55101,WI,Racine County,55101001505,1,1.0,"4,432",1.8,"2,436.30",Urban
55101,WI,Racine County,55101001601,1,1.0,"6,054",30.7,197.1,Urban
55101,WI,Racine County,55101001602,1,1.0,"2,949",4.2,697.8,Urban
55101,WI,Racine County,55101001701,1,1.0,"3,445",4.7,736.3,Urban
55101,WI,Racine County,55101001702,1,1.0,"6,707",6.0,"1,122.70",Urban
55101,WI,Racine County,55101001703,1,1.0,"4,371",16.7,261.4,Urban
55101,WI,Racine County,55101001705,1,1.0,"5,337",2.7,"1,945.30",Urban
55101,WI,Racine County,55101001706,1,1.0,"3,675",2.1,"1,726.10",Urban
55101,WI,Racine County,55101002001,1,1.0,"2,987",4.7,633.5,Urban
55101,WI,Racine County,55101002002,1,1.0,"4,961",29.0,171.1,Urban
55101,WI,Racine County,55101002800,1,1.0,"5,891",30.4,193.5,Urban
55105,WI,Rock County,55105000100,1,1.0,897,0.2,"3,901.50",Urban
55105,WI,Rock County,55105000200,1,1.0,"2,864",0.6,"4,866.00",Urban
55105,WI,Rock County,55105000300,1,1.0,"2,705",0.5,"5,909.70",Urban
55105,WI,Rock County,55105000400,1,1.0,"3,736",1.3,"2,770.80",Urban
55105,WI,Rock County,55105000500,1,1.0,"4,287",1.8,"2,368.80",Urban
55105,WI,Rock County,55105000600,1,1.0,"3,295",1.2,"2,758.70",Urban
55105,WI,Rock County,55105000700,1,1.0,"3,960",1.4,"2,846.10",Urban
55105,WI,Rock County,55105000800,1,1.0,"3,856",0.9,"4,408.50",Urban
55105,WI,Rock County,55105000900,1,1.0,"2,790",1.2,"2,240.60",Urban
55105,WI,Rock County,55105001000,1,1.0,"3,279",2.4,"1,395.10",Urban
55105,WI,Rock County,55105001100,1,1.0,"5,479",1.5,"3,545.10",Urban
55105,WI,Rock County,55105001201,1,1.0,"5,541",30.2,183.3,Urban
55105,WI,Rock County,55105001202,1,1.0,"5,758",25.0,230.5,Urban
55105,WI,Rock County,55105001302,1,1.0,"6,664",36.1,184.5,Urban
55105,WI,Rock County,55105001303,1,1.0,"4,603",17.4,264.3,Urban
55105,WI,Rock County,55105001304,1,1.0,"8,084",3.3,"2,431.50",Urban
55105,WI,Rock County,55105001400,1,1.0,"5,810",18.5,314.8,Urban
55105,WI,Rock County,55105001500,1,1.0,"2,326",0.8,"2,949.30",Urban
55105,WI,Rock County,55105001600,1,1.0,"5,050",0.6,"7,955.70",Urban
55105,WI,Rock County,55105001700,1,1.0,"5,385",1.2,"4,676.30",Urban
55105,WI,Rock County,55105001800,1,1.0,"4,147",0.9,"4,462.60",Urban
55105,WI,Rock County,55105001900,1,1.0,"2,734",0.7,"4,062.90",Urban
55105,WI,Rock County,55105002000,1,1.0,"3,848",1.1,"3,576.00",Urban
55105,WI,Rock County,55105002100,1,1.0,"3,834",2.3,"1,644.30",Urban
55105,WI,Rock County,55105002300,1,1.0,"1,871",1.0,"1,852.50",Urban
55105,WI,Rock County,55105002400,1,1.0,"3,530",3.7,957.2,Urban
55105,WI,Rock County,55105002500,1,1.0,"2,595",0.6,"4,182.70",Urban
55105,WI,Rock County,55105002601,1,1.0,"5,472",5.4,"1,008.40",Urban
55105,WI,Rock County,55105002602,1,1.0,"3,917",30.8,127.2,Urban
55105,WI,Rock County,55105003100,1,1.0,"7,581",33.6,225.6,Urban
55117,WI,Sheboygan County,55117000100,1,1.0,"3,827",0.8,"5,052.10",Urban
55117,WI,Sheboygan County,55117000201,1,1.0,"2,912",0.3,"10,212.90",Urban
55117,WI,Sheboygan County,55117000202,1,1.0,"4,149",0.8,"5,127.40",Urban
55117,WI,Sheboygan County,55117000300,1,1.0,"7,111",2.3,"3,044.40",Urban
55117,WI,Sheboygan County,55117000400,1,1.0,"4,412",2.6,"1,700.60",Urban
55117,WI,Sheboygan County,55117000500,1,1.0,"3,898",0.5,"7,770.40",Urban
55117,WI,Sheboygan County,55117000800,1,1.0,"5,397",1.0,"5,398.40",Urban
55117,WI,Sheboygan County,55117000900,1,1.0,"5,126",3.5,"1,480.80",Urban
55117,WI,Sheboygan County,55117001000,1,1.0,"7,415",1.9,"3,920.70",Urban
55117,WI,Sheboygan County,55117001100,1,1.0,"3,627",1.4,"2,525.10",Urban
55117,WI,Sheboygan County,55117010200,1,1.0,"4,598",18.0,255,Urban
55117,WI,Sheboygan County,55117010601,1,1.0,"5,594",2.6,"2,134.30",Urban
55117,WI,Sheboygan County,55117010602,1,1.0,"3,793",33.1,114.6,Urban
55117,WI,Sheboygan County,55117010700,1,1.0,"8,202",14.7,557,Urban
55117,WI,Sheboygan County,55117010800,1,1.0,"3,507",22.6,155.2,Urban
55117,WI,Sheboygan County,55117011400,1,1.0,"2,424",0.5,"4,420.40",Urban
55131,WI,Washington County,55131400102,1,1.1,"3,931",3.6,"1,098.80",Urban
55131,WI,Washington County,55131400104,1,1.1,"5,715",32.6,175.2,Urban
55131,WI,Washington County,55131410100,1,1.1,"5,057",24.3,207.8,Urban
55131,WI,Washington County,55131420103,1,1.1,"6,039",15.5,389.8,Urban
55131,WI,Washington County,55131420104,1,1.1,"5,096",20.7,246.7,Urban
55131,WI,Washington County,55131420105,1,1.1,"4,671",2.5,"1,855.70",Urban
55131,WI,Washington County,55131420106,1,1.1,"3,619",2.2,"1,645.90",Urban
55131,WI,Washington County,55131420200,1,1.1,"5,408",2.0,"2,642.60",Urban
55131,WI,Washington County,55131420300,1,1.1,"5,873",1.9,"3,167.10",Urban
55131,WI,Washington County,55131420401,1,1.1,"1,933",0.5,"3,987.40",Urban
55131,WI,Washington County,55131420402,1,1.1,"2,093",0.7,"3,105.00",Urban
55131,WI,Washington County,55131440103,1,1.1,"4,827",11.3,428.3,Urban
55131,WI,Washington County,55131440104,1,1.1,"5,614",8.0,704.4,Urban
55131,WI,Washington County,55131440105,1,1.1,"3,338",15.2,219,Urban
55131,WI,Washington County,55131440200,1,1.1,"4,040",0.9,"4,294.80",Urban
55131,WI,Washington County,55131450103,1,1.1,"5,109",21.4,239.2,Urban
55131,WI,Washington County,55131450104,1,1.1,"6,264",20.9,299.6,Urban
55131,WI,Washington County,55131450106,1,1.1,"5,944",15.6,381.3,Urban
55131,WI,Washington County,55131460101,1,1.0,"6,262",23.9,261.6,Urban
55131,WI,Washington County,55131460102,1,1.0,"5,038",11.9,423.6,Urban
55131,WI,Washington County,55131470100,1,1.0,"5,157",26.8,192.7,Urban
55131,WI,Washington County,55131470202,1,1.0,"6,278",2.0,"3,181.20",Urban
55131,WI,Washington County,55131470203,1,1.0,"4,242",3.5,"1,225.30",Urban
55131,WI,Washington County,55131470204,1,1.0,"4,326",4.0,"1,079.80",Urban
55133,WI,Waukesha County,55133200101,1,1.0,"4,480",1.7,"2,613.60",Urban
55133,WI,Waukesha County,55133200102,1,1.0,"4,852",1.5,"3,223.20",Urban
55133,WI,Waukesha County,55133200103,1,1.0,"3,122",2.1,"1,487.70",Urban
55133,WI,Waukesha County,55133200201,1,1.0,"3,595",2.3,"1,589.60",Urban
55133,WI,Waukesha County,55133200202,1,1.0,"4,206",3.9,"1,088.20",Urban
55133,WI,Waukesha County,55133200300,1,1.0,"4,178",13.4,311.3,Urban
55133,WI,Waukesha County,55133200400,1,1.0,"6,582",7.4,888.8,Urban
55133,WI,Waukesha County,55133200500,1,1.0,"5,667",2.9,"1,926.70",Urban
55133,WI,Waukesha County,55133200600,1,1.0,"1,841",0.8,"2,348.60",Urban
55133,WI,Waukesha County,55133200700,1,1.0,"3,808",2.9,"1,321.90",Urban
55133,WI,Waukesha County,55133200801,1,1.0,"5,114",5.3,964.9,Urban
55133,WI,Waukesha County,55133200803,1,1.0,"4,493",3.5,"1,283.70",Urban
55133,WI,Waukesha County,55133200804,1,1.0,"3,624",2.6,"1,378.70",Urban
55133,WI,Waukesha County,55133200901,1,1.0,"3,932",2.9,"1,343.60",Urban
55133,WI,Waukesha County,55133200902,1,1.0,"4,005",3.0,"1,340.90",Urban
55133,WI,Waukesha County,55133201000,1,1.0,"6,027",3.3,"1,808.50",Urban
55133,WI,Waukesha County,55133201101,1,1.0,"4,656",3.7,"1,258.90",Urban
55133,WI,Waukesha County,55133201102,1,1.0,"2,867",1.9,"1,504.00",Urban
55133,WI,Waukesha County,55133201201,1,1.0,"2,119",2.3,911.5,Urban
55133,WI,Waukesha County,55133201202,1,1.0,"6,032",3.8,"1,593.10",Urban
55133,WI,Waukesha County,55133201203,1,1.0,"3,233",2.3,"1,378.20",Urban
55133,WI,Waukesha County,55133201300,1,1.0,"4,855",7.7,629.6,Urban
55133,WI,Waukesha County,55133201402,1,1.0,"4,656",2.0,"2,286.00",Urban
55133,WI,Waukesha County,55133201403,1,1.0,"4,265",1.9,"2,234.70",Urban
55133,WI,Waukesha County,55133201404,1,1.0,"3,844",2.9,"1,328.20",Urban
55133,WI,Waukesha County,55133201503,1,1.0,"6,647",2.0,"3,256.20",Urban
55133,WI,Waukesha County,55133201504,1,1.0,"6,210",2.5,"2,506.10",Urban
55133,WI,Waukesha County,55133201505,1,1.0,"2,936",2.4,"1,220.20",Urban
55133,WI,Waukesha County,55133201506,1,1.0,"4,697",4.8,976.8,Urban
55133,WI,Waukesha County,55133201600,1,1.0,"5,117",13.0,393.7,Urban
55133,WI,Waukesha County,55133201701,1,1.0,"4,594",1.9,"2,460.30",Urban
55133,WI,Waukesha County,55133201703,1,1.0,"6,097",2.6,"2,326.20",Urban
55133,WI,Waukesha County,55133201704,1,1.0,"5,206",8.8,592.2,Urban
55133,WI,Waukesha County,55133201800,1,1.0,"1,503",1.9,781.7,Urban
55133,WI,Waukesha County,55133201900,1,1.0,"5,169",14.8,350.3,Urban
55133,WI,Waukesha County,55133202001,1,1.0,"4,995",20.6,242.9,Urban
55133,WI,Waukesha County,55133202002,1,1.0,"4,030",14.3,281.5,Urban
55133,WI,Waukesha County,55133202101,1,1.0,"4,094",6.6,622.7,Urban
55133,WI,Waukesha County,55133202102,1,1.0,"4,650",7.3,637.3,Urban
55133,WI,Waukesha County,55133202103,1,1.0,"3,409",5.6,605.3,Urban
55133,WI,Waukesha County,55133202201,1,1.0,"4,329",2.1,"2,072.70",Urban
55133,WI,Waukesha County,55133202202,1,1.0,"5,774",1.2,"4,852.00",Urban
55133,WI,Waukesha County,55133202301,1,1.0,"4,494",2.8,"1,607.20",Urban
55133,WI,Waukesha County,55133202302,1,1.0,"6,832",2.1,"3,228.40",Urban
55133,WI,Waukesha County,55133202400,1,1.0,"5,003",1.3,"3,922.40",Urban
55133,WI,Waukesha County,55133202500,1,1.0,"3,998",1.6,"2,523.00",Urban
55133,WI,Waukesha County,55133202600,1,1.0,"3,498",0.5,"7,315.60",Urban
55133,WI,Waukesha County,55133202700,1,1.0,"1,552",0.2,"7,204.80",Urban
55133,WI,Waukesha County,55133202800,1,1.0,"4,219",1.1,"3,956.50",Urban
55133,WI,Waukesha County,55133202901,1,1.0,"4,452",2.0,"2,202.80",Urban
55133,WI,Waukesha County,55133202902,1,1.0,"3,513",1.9,"1,892.30",Urban
55133,WI,Waukesha County,55133203000,1,1.0,"2,641",3.7,720,Urban
55133,WI,Waukesha County,55133203101,1,1.0,"6,536",2.2,"2,966.50",Urban
55133,WI,Waukesha County,55133203102,1,1.0,"6,701",3.4,"1,995.70",Urban
55133,WI,Waukesha County,55133203103,1,1.0,"4,528",0.9,"5,240.80",Urban
55133,WI,Waukesha County,55133203200,1,1.0,"4,106",4.2,973.8,Urban
55133,WI,Waukesha County,55133203303,1,1.0,"3,749",4.8,784.4,Urban
55133,WI,Waukesha County,55133203304,1,1.0,"4,037",6.8,596.5,Urban
55133,WI,Waukesha County,55133203305,1,1.0,"4,328",4.5,958.9,Urban
55133,WI,Waukesha County,55133203306,1,1.0,"5,889",5.9,996.5,Urban
55133,WI,Waukesha County,55133203402,1,1.0,"4,011",2.6,"1,567.00",Urban
55133,WI,Waukesha County,55133203403,1,1.0,"5,504",5.6,979.3,Urban
55133,WI,Waukesha County,55133203404,1,1.0,"3,035",3.2,941.8,Urban
55133,WI,Waukesha County,55133203405,1,1.0,"4,139",5.2,794.1,Urban
55133,WI,Waukesha County,55133203406,1,1.0,"6,425",19.2,335.1,Urban
55133,WI,Waukesha County,55133203500,1,1.0,"6,563",21.3,308.5,Urban
55133,WI,Waukesha County,55133203601,1,1.0,"4,102",3.3,"1,229.20",Urban
55133,WI,Waukesha County,55133203602,1,1.0,"5,897",3.0,"1,974.30",Urban
55133,WI,Waukesha County,55133203702,1,1.0,"5,046",14.8,341,Urban
55133,WI,Waukesha County,55133203703,1,1.0,"3,819",4.4,864.4,Urban
55133,WI,Waukesha County,55133203704,1,1.0,"4,469",6.8,658.9,Urban
55133,WI,Waukesha County,55133203804,1,1.0,"7,210",20.3,354.9,Urban
55133,WI,Waukesha County,55133204003,1,1.0,"3,826",12.8,299.4,Urban
55133,WI,Waukesha County,55133204100,1,1.0,"5,032",22.8,221.1,Urban
55133,WI,Waukesha County,55133204200,1,1.0,"7,197",5.3,"1,364.80",Urban
55133,WI,Waukesha County,55133204301,1,1.0,"4,852",4.7,"1,036.60",Urban
55133,WI,Waukesha County,55133204302,1,1.0,"3,755",2.4,"1,545.00",Urban
55133,WI,Waukesha County,55133204400,1,1.0,"2,079",2.5,823.7,Urban
55133,WI,Waukesha County,55133204502,1,1.0,"6,061",5.0,"1,214.10",Urban
55139,WI,Winnebago County,55139000100,1,1.0,"2,935",0.5,"6,470.30",Urban
55139,WI,Winnebago County,55139000200,1,1.0,"2,559",0.4,"5,751.40",Urban
55139,WI,Winnebago County,55139000300,1,1.0,"4,151",1.0,"4,218.40",Urban
55139,WI,Winnebago County,55139000400,1,1.0,"2,701",1.1,"2,478.30",Urban
55139,WI,Winnebago County,55139000500,1,1.0,"6,131",0.9,"6,806.40",Urban
55139,WI,Winnebago County,55139000700,1,1.0,"5,503",0.5,"11,794.10",Urban
55139,WI,Winnebago County,55139000800,1,1.0,"3,117",0.5,"6,122.10",Urban
55139,WI,Winnebago County,55139000900,1,1.0,"3,276",1.5,"2,252.30",Urban
55139,WI,Winnebago County,55139001000,1,1.0,"2,718",0.9,"3,139.00",Urban
55139,WI,Winnebago County,55139001100,1,1.0,"4,215",1.0,"4,044.80",Urban
55139,WI,Winnebago County,55139001200,1,1.0,"2,028",0.6,"3,465.40",Urban
55139,WI,Winnebago County,55139001300,1,1.0,"2,664",1.2,"2,283.70",Urban
55139,WI,Winnebago County,55139001400,1,1.0,"3,983",2.4,"1,640.90",Urban
55139,WI,Winnebago County,55139001500,1,1.0,"3,168",1.3,"2,455.70",Urban
55139,WI,Winnebago County,55139001600,1,1.0,"4,039",5.1,796.3,Urban
55139,WI,Winnebago County,55139001700,1,1.0,"5,310",9.9,538.4,Urban
55139,WI,Winnebago County,55139001801,1,1.0,"5,493",6.1,893.5,Urban
55139,WI,Winnebago County,55139001803,1,1.0,"5,737",4.2,"1,359.60",Urban
55139,WI,Winnebago County,55139001804,1,1.0,"4,475",3.2,"1,415.90",Urban
55139,WI,Winnebago County,55139001900,1,1.0,"5,016",46.0,109,Urban
55139,WI,Winnebago County,55139002400,1,1.0,"9,874",9.3,"1,067.00",Urban
55139,WI,Winnebago County,55139002500,1,1.0,"5,045",1.4,"3,569.00",Urban
55139,WI,Winnebago County,55139002601,1,1.0,"3,916",1.7,"2,247.10",Urban
55139,WI,Winnebago County,55139002602,1,1.0,"4,543",1.2,"3,648.70",Urban
55139,WI,Winnebago County,55139002700,1,1.0,"2,504",0.5,"5,440.60",Urban
55139,WI,Winnebago County,55139002800,1,1.0,"4,594",1.3,"3,529.10",Urban
55139,WI,Winnebago County,55139002900,1,1.0,"2,341",0.5,"4,617.20",Urban
55139,WI,Winnebago County,55139003000,1,1.0,"1,601",0.6,"2,663.20",Urban
55139,WI,Winnebago County,55139003100,1,1.0,"2,108",0.6,"3,732.00",Urban
55139,WI,Winnebago County,55139003200,1,1.0,"2,305",0.6,"3,551.90",Urban
55139,WI,Winnebago County,55139003300,1,1.0,"2,816",0.8,"3,707.30",Urban
55139,WI,Winnebago County,55139003400,1,1.0,"3,911",1.5,"2,589.30",Urban
55139,WI,Winnebago County,55139003500,1,1.0,"3,064",1.0,"2,939.50",Urban
55139,WI,Winnebago County,55139003600,1,1.0,"4,138",1.3,"3,199.50",Urban
55139,WI,Winnebago County,55139003701,1,1.0,"3,690",0.8,"4,607.60",Urban
55139,WI,Winnebago County,55139003702,1,1.0,"7,848",13.9,563.5,Urban